producteur_id,producteur_nom,producteur_prenom,prodcteur_date_naissance,producteur_telephone,producteur_adresse,producteur_mail
1,Charley,Grainge,5/27/1971,125-842-0217,1025 Drewry Parkway,cgrainge0@twitter.com
2,Jorie,Baise,3/31/1956,377-369-6893,9 Pennsylvania Street,jbaise1@techcrunch.com
3,Thorndike,De Laci,5/4/1986,229-603-6888,2 Tennessee Pass,tdelaci2@csmonitor.com
4,Fernanda,De Angelo,1/9/1997,709-855-0701,22772 Luster Circle,fdeangelo3@infoseek.co.jp
5,Katina,Clappson,7/28/1985,413-805-2679,5 Heath Alley,kclappson4@ft.com
6,Clari,Ottewill,6/24/1963,460-498-4795,1451 Bayside Avenue,cottewill5@ameblo.jp
7,Cristen,Bauldry,4/17/1989,718-627-0921,54584 Lindbergh Circle,cbauldry6@jimdo.com
8,Jonas,Weare,12/9/1979,338-232-1115,38043 Roxbury Terrace,jweare7@blogs.com
9,Susannah,Junkin,12/31/1957,527-346-2754,829 Marquette Court,sjunkin8@examiner.com
10,Elvina,Raleston,4/24/1994,970-102-3041,23 Forest Dale Terrace,eraleston9@lycos.com
11,Duke,Piaggia,10/4/1981,183-577-1543,9 Mcbride Avenue,dpiaggiaa@symantec.com
12,Wyatan,Kealy,9/19/1973,731-928-9834,70454 Ryan Crossing,wkealyb@flickr.com
13,Anni,Hoodless,10/26/1978,831-271-6260,7 Anthes Circle,ahoodlessc@facebook.com
14,Marne,Haysey,4/22/1987,491-128-3013,73151 Reinke Circle,mhayseyd@amazon.co.jp
15,Blake,Jaqueminet,12/5/1978,735-472-5522,33412 Porter Junction,bjaqueminete@bandcamp.com
16,Hamlen,Graal,8/1/1962,908-375-9607,0 Daystar Court,hgraalf@va.gov
17,Nelli,Giovannacci,5/27/1957,837-498-4644,7 Hooker Court,ngiovannaccig@ftc.gov
18,Christal,Billanie,3/29/1977,751-865-5275,5 La Follette Terrace,cbillanieh@freewebs.com
19,Flossi,Danels,4/25/1994,262-578-6602,4048 Vernon Court,fdanelsi@nature.com
20,Sheryl,Gaukrodge,2/3/1974,682-554-2506,4 Waubesa Parkway,sgaukrodgej@upenn.edu
21,Hanna,Nasey,12/17/1983,520-319-6775,9 Stoughton Way,hnaseyk@posterous.com
22,Mara,De Mattei,3/9/1970,418-920-8823,4 Fisk Center,mdematteil@cnn.com
23,Justinn,Wigglesworth,8/18/1961,740-174-5366,156 Tennyson Court,jwigglesworthm@youtube.com
24,Joaquin,Mettetal,5/12/1952,761-913-2346,08 Saint Paul Place,jmettetaln@storify.com
25,Gareth,Oscroft,5/3/1994,526-346-9019,79180 Buhler Alley,goscrofto@baidu.com
26,Anett,Bisgrove,6/27/1973,394-142-5226,302 Pankratz Alley,abisgrovep@livejournal.com
27,Gert,Conring,1/26/1985,907-751-8087,42 Mitchell Court,gconringq@tinyurl.com
28,Miran,Wright,3/10/1974,997-395-4318,9 Thackeray Parkway,mwrightr@networksolutions.com
29,Shaylah,Gatheridge,7/20/1997,336-645-5771,95 Delaware Road,sgatheridges@patch.com
30,Faunie,Diviney,11/30/1997,405-348-5378,39 Kensington Hill,fdivineyt@salon.com
31,Ernest,De Metz,4/24/1992,123-832-0590,2 Mallard Way,edemetzu@auda.org.au
32,Ellie,Giabucci,3/20/1956,937-677-0309,322 Butternut Crossing,egiabucciv@sogou.com
33,Brynne,O' Concannon,11/24/1997,671-695-5764,211 Bultman Court,boconcannonw@nymag.com
34,Helaine,Enrique,9/7/1968,213-280-8408,47 Milwaukee Point,henriquex@oracle.com
35,Godiva,Brimblecombe,3/8/1988,625-788-5616,5 Shelley Terrace,gbrimblecombey@noaa.gov
36,Mike,Livingstone,10/1/1970,369-224-2942,771 Delaware Road,mlivingstonez@dmoz.org
37,Guilbert,Cuttler,12/28/1957,639-185-7122,51579 Beilfuss Road,gcuttler10@weebly.com
38,Erna,Symon,12/30/1962,674-175-9877,36 Grim Circle,esymon11@freewebs.com
39,Cecil,Sewter,7/22/1959,753-221-2873,82 Jackson Avenue,csewter12@1688.com
40,Florry,Stapele,7/6/1974,954-783-3422,5281 Northfield Crossing,fstapele13@sbwire.com
41,Marcile,Fowley,6/10/1995,738-339-0803,05 Hudson Road,mfowley14@is.gd
42,Jacki,Meachan,12/18/1969,933-227-0075,78 Milwaukee Drive,jmeachan15@macromedia.com
43,Tansy,Girone,2/27/1987,978-274-2841,474 Fairfield Street,tgirone16@soundcloud.com
44,Hastings,McGarry,1/27/1968,699-265-6464,24 Bashford Pass,hmcgarry17@newyorker.com
45,Sholom,Lambol,11/8/1965,128-896-2433,767 Algoma Court,slambol18@prnewswire.com
46,Michaela,Howie,5/17/1969,796-366-3678,9 Morningstar Circle,mhowie19@sciencedaily.com
47,Harold,Pelfer,11/2/1961,242-271-4467,31619 Hudson Court,hpelfer1a@spiegel.de
48,Gorden,Barbey,8/19/1952,509-165-5010,544 Straubel Drive,gbarbey1b@xinhuanet.com
49,Ernestine,Skaife,7/4/1977,431-838-1444,4 6th Center,eskaife1c@163.com
50,Jayme,McCreery,9/21/1976,513-913-2054,6 Shasta Junction,jmccreery1d@is.gd
51,Kendall,Carles,8/1/1966,244-774-3668,831 Crowley Avenue,kcarles1e@t-online.de
52,Aleda,Rackstraw,2/11/1974,558-443-2169,40 Starling Plaza,arackstraw1f@wikia.com
53,Neda,Tungate,6/6/1967,607-163-7821,28856 Esch Hill,ntungate1g@goo.gl
54,Gretchen,Howsego,1/15/1972,903-568-9929,36950 Bobwhite Road,ghowsego1h@weebly.com
55,Carlen,Whytock,12/2/1986,278-876-2602,113 Messerschmidt Junction,cwhytock1i@comsenz.com
56,Arlie,Ladd,1/11/1986,765-309-3306,90019 Spohn Court,aladd1j@lycos.com
57,Jarvis,McCallam,2/19/1991,219-743-1482,8 Atwood Lane,jmccallam1k@about.com
58,Marcelo,Myrkus,6/11/1974,438-836-8712,20 Manitowish Parkway,mmyrkus1l@list-manage.com
59,Franchot,Pude,10/24/1988,691-311-6879,6 Bluestem Road,fpude1m@123-reg.co.uk
60,Hubert,Gierok,3/16/1971,375-840-4350,1 Maple Road,hgierok1n@uiuc.edu
61,Ricca,Brissard,4/28/1992,799-723-8726,9478 Pennsylvania Circle,rbrissard1o@redcross.org
62,Mikey,Chasteau,7/3/1984,808-113-3636,28 Pankratz Drive,mchasteau1p@intel.com
63,Kit,Tinson,10/12/1973,152-833-8139,30345 Chinook Drive,ktinson1q@buzzfeed.com
64,Kerrin,Catterick,6/11/1977,871-334-7282,601 Brentwood Circle,kcatterick1r@aol.com
65,Feliks,Rearie,12/26/1962,820-944-1598,99975 Cody Pass,frearie1s@wikispaces.com
66,Kennith,O' Donohue,7/28/1970,529-661-5033,1426 Weeping Birch Alley,kodonohue1t@apple.com
67,Myer,Claricoats,7/29/1958,206-777-5982,687 Schiller Avenue,mclaricoats1u@ustream.tv
68,Keefe,Siveyer,11/30/1970,279-965-6100,00739 Menomonie Crossing,ksiveyer1v@narod.ru
69,Aurlie,Shulem,7/21/1999,376-986-8339,301 Randy Lane,ashulem1w@networkadvertising.org
70,Nevile,Brideau,8/24/1991,438-969-2666,65 Jana Street,nbrideau1x@php.net
71,Jozef,Sanger,1/23/1987,548-713-7167,89 Steensland Drive,jsanger1y@google.co.jp
72,Walker,Barus,4/20/1983,979-356-8066,20050 Hermina Pass,wbarus1z@slate.com
73,Aksel,Hanwright,4/12/1995,863-249-1774,7228 Briar Crest Plaza,ahanwright20@accuweather.com
74,Hadrian,Menis,1/3/1976,304-195-2414,13125 Sauthoff Place,hmenis21@alibaba.com
75,Kimberli,Dunlea,8/27/1967,343-317-6016,5960 Dayton Trail,kdunlea22@newsvine.com
76,Lutero,Ruprecht,2/20/1972,723-907-1732,13735 American Ash Point,lruprecht23@wordpress.com
77,Arni,Celand,8/6/1961,807-635-7366,0720 Vermont Park,aceland24@arizona.edu
78,Gratia,Brenard,10/6/1966,573-853-4579,85 Hazelcrest Lane,gbrenard25@wired.com
79,Bar,Bravery,11/6/1986,739-279-7536,0 Grayhawk Park,bbravery26@mac.com
80,Feliza,Thompsett,11/19/1969,718-233-4183,990 Milwaukee Road,fthompsett27@auda.org.au
81,Alameda,Lyosik,5/10/1976,435-484-3894,35 Oak Valley Drive,alyosik28@squarespace.com
82,Corry,Gabbett,4/10/1998,543-673-4311,52828 Derek Avenue,cgabbett29@admin.ch
83,Percival,Golborne,5/15/1970,944-363-2481,082 Mitchell Alley,pgolborne2a@twitpic.com
84,Golda,Bury,4/17/1996,482-977-2212,8 Golden Leaf Junction,gbury2b@china.com.cn
85,Sancho,Keeler,7/1/1986,807-518-5323,701 Elgar Center,skeeler2c@nyu.edu
86,Barnard,Plane,5/30/1966,786-249-5571,50 Gerald Pass,bplane2d@seesaa.net
87,Winny,Murrhardt,10/1/1955,558-646-8962,07073 Talmadge Junction,wmurrhardt2e@chronoengine.com
88,Miguel,Frain,1/16/1958,501-806-0941,33435 Sycamore Center,mfrain2f@ucoz.com
89,Kata,Laugier,1/21/1993,256-809-5928,90 Arizona Junction,klaugier2g@tripod.com
90,Steven,MacCafferty,9/7/1970,458-701-2259,7 Coolidge Drive,smaccafferty2h@rambler.ru
91,Terri-jo,Masser,4/21/1956,695-865-4608,16728 Jackson Alley,tmasser2i@sogou.com
92,Sansone,Servant,8/31/1956,164-919-4762,04182 Holy Cross Terrace,sservant2j@sbwire.com
93,Lindy,Dallemore,12/29/1958,858-869-6118,5 American Street,ldallemore2k@yale.edu
94,Mario,Sturgis,1/26/1987,182-370-2354,52 Havey Parkway,msturgis2l@vk.com
95,Thea,Forsdicke,3/3/1992,321-649-9982,4760 Del Mar Parkway,tforsdicke2m@shutterfly.com
96,Perceval,Shimmans,5/11/1992,725-228-1030,135 Forest Run Hill,pshimmans2n@bbc.co.uk
97,Wandis,Blackway,8/7/1952,105-606-9455,6 Burrows Parkway,wblackway2o@amazonaws.com
98,Marin,Purrington,10/7/1955,669-911-0686,9702 Ridge Oak Park,mpurrington2p@chron.com
99,Gauthier,Snartt,6/4/1959,592-841-8067,700 Dakota Junction,gsnartt2q@moonfruit.com
100,Bone,Hammill,7/28/1980,374-950-9299,8 Troy Point,bhammill2r@ihg.com
101,Ericka,Ever,2/16/1969,519-827-6961,33 Oak Valley Junction,eever2s@friendfeed.com
102,Kimberly,Corrett,8/26/1970,448-798-4089,38 Waywood Avenue,kcorrett2t@addtoany.com
103,Khalil,Tomsa,9/5/1998,267-926-9801,6 Packers Center,ktomsa2u@bluehost.com
104,Bink,Morkham,4/23/1969,518-529-6279,79226 Holy Cross Road,bmorkham2v@gmpg.org
105,Basia,Laurenceau,10/25/1960,953-727-8018,337 Golf View Street,blaurenceau2w@yolasite.com
106,Keven,Tift,10/18/1957,537-339-2925,7 Claremont Junction,ktift2x@yelp.com
107,Angelico,Ludlom,2/9/1971,270-506-0518,97856 Ludington Place,aludlom2y@pbs.org
108,Elyn,Eberle,1/6/1953,799-885-3792,91 4th Point,eeberle2z@loc.gov
109,Nikolai,McCarlich,4/11/1960,853-605-5377,654 Trailsway Parkway,nmccarlich30@mapquest.com
110,Tamarra,Willows,8/4/1952,686-939-5379,26 Luster Court,twillows31@nydailynews.com
111,Keely,Hanscome,2/15/1963,363-118-3938,59 Raven Alley,khanscome32@networksolutions.com
112,Korella,Ricioppo,5/1/1950,615-738-6982,4 Bartillon Road,kricioppo33@yahoo.co.jp
113,Luther,Childrens,3/13/1990,745-897-9543,62078 Tennyson Avenue,lchildrens34@tinypic.com
114,Alida,Doul,10/8/1965,419-586-3195,6 Reindahl Court,adoul35@blogs.com
115,Alic,Longthorne,11/28/1985,289-487-3456,2 Forest Run Pass,alongthorne36@naver.com
116,Jelene,Aslen,7/27/1990,972-118-9107,1 Loeprich Trail,jaslen37@mac.com
117,Kellia,Canadine,8/19/1974,213-182-7197,411 Truax Drive,kcanadine38@netlog.com
118,Kizzee,Baffin,7/7/1971,210-108-6559,218 Luster Hill,kbaffin39@de.vu
119,Coreen,Aloigi,6/15/1991,281-548-3594,75124 Corben Junction,caloigi3a@miibeian.gov.cn
120,Edi,Chard,7/15/1982,694-925-9484,77657 Mallard Point,echard3b@alexa.com
121,Lesya,Finley,2/5/1981,201-147-4578,01 Talmadge Trail,lfinley3c@addthis.com
122,Benjamen,Laddle,7/3/1964,620-878-8226,18 Loomis Alley,bladdle3d@aboutads.info
123,Damon,Suart,12/27/1987,996-995-2156,52664 Golden Leaf Court,dsuart3e@blinklist.com
124,Shane,Roxbrough,10/6/1976,368-100-8712,12860 Becker Crossing,sroxbrough3f@va.gov
125,Catriona,Grut,2/13/1951,370-628-0514,9172 Loftsgordon Center,cgrut3g@chronoengine.com
126,Bev,Abramovitz,3/22/1990,472-426-2022,411 Nobel Hill,babramovitz3h@dmoz.org
127,Andrus,Dethloff,3/5/2000,796-692-7319,449 Oneill Hill,adethloff3i@ask.com
128,Pepe,Ward,2/14/1998,132-945-0078,78 Hoepker Junction,pward3j@soup.io
129,Nathanial,Ringer,8/31/1981,948-592-5414,008 Pine View Terrace,nringer3k@japanpost.jp
130,Isis,Remnant,1/28/1953,111-378-6303,11 Thackeray Lane,iremnant3l@csmonitor.com
131,Georgianna,Dimbleby,8/23/1958,574-762-3635,53938 Debs Park,gdimbleby3m@cornell.edu
132,Kelvin,Adamowicz,7/20/1983,468-565-6136,7151 Kings Parkway,kadamowicz3n@bing.com
133,Drucill,Langthorne,3/16/1951,737-982-3091,113 Spaight Plaza,dlangthorne3o@google.nl
134,Lorrin,Itzchaky,4/20/1985,534-529-4200,5303 Brown Pass,litzchaky3p@sogou.com
135,Marylee,Bowerbank,9/1/1958,799-910-4978,68 Springview Drive,mbowerbank3q@nydailynews.com
136,Paolina,Masic,10/23/1956,712-944-7006,60 Warner Pass,pmasic3r@mapy.cz
137,Spence,Wasielewicz,11/22/1959,131-417-9400,65539 Roxbury Street,swasielewicz3s@squidoo.com
138,Archy,Abbets,11/19/1993,117-709-0954,90 Sutherland Circle,aabbets3t@sciencedaily.com
139,Joya,Kiellor,1/29/1997,373-648-4761,64056 American Ash Street,jkiellor3u@is.gd
140,Faber,Tunnicliff,5/30/1996,611-634-9018,0092 Pawling Place,ftunnicliff3v@is.gd
141,Perice,Pilfold,6/30/1994,737-884-6780,9887 Oak Hill,ppilfold3w@amazon.de
142,Rab,Galliver,3/23/1990,528-691-6137,034 Corry Crossing,rgalliver3x@thetimes.co.uk
143,Eloise,Eatock,11/9/1991,359-686-5602,9 Magdeline Street,eeatock3y@dion.ne.jp
144,Jakie,Cartner,10/14/1959,137-663-8032,8 Knutson Street,jcartner3z@issuu.com
145,Ange,Bortolomei,7/23/1955,959-286-2206,3308 Oakridge Drive,abortolomei40@ca.gov
146,Carmine,Blowne,3/10/1996,302-293-1325,41452 Bluestem Park,cblowne41@a8.net
147,Murvyn,Zukierman,3/8/1975,670-547-6314,0 Longview Crossing,mzukierman42@merriam-webster.com
148,Malory,Copplestone,7/3/1988,926-784-9003,45 Warbler Center,mcopplestone43@discovery.com
149,Neale,Moffet,6/7/1982,832-261-8253,1 Boyd Drive,nmoffet44@rediff.com
150,Lissie,Fuzzard,12/8/1995,330-692-3221,4 Hansons Center,lfuzzard45@mashable.com
151,Meg,Quiney,3/3/1992,598-919-2006,4626 Hermina Way,mquiney46@unesco.org
152,Gideon,Westmancoat,11/17/1957,636-525-2042,5019 Wayridge Point,gwestmancoat47@cam.ac.uk
153,Jenelle,Cutress,12/14/1966,284-635-1841,85812 Clove Pass,jcutress48@aol.com
154,Bell,Fulle,9/5/1950,487-268-2407,7480 Leroy Avenue,bfulle49@google.com.br
155,Ira,Dawdary,9/14/1981,762-464-7459,5 Dakota Terrace,idawdary4a@gov.uk
156,Harlin,Cambell,6/22/1953,764-100-6285,21254 Superior Pass,hcambell4b@symantec.com
157,Aprilette,Durnian,12/10/1993,633-682-5300,2 Tennessee Center,adurnian4c@netvibes.com
158,Carolyne,Ciccarelli,4/3/1996,288-942-8269,361 Bay Point,cciccarelli4d@msn.com
159,Jaime,Cescot,11/9/1998,860-970-1174,6053 Fulton Way,jcescot4e@diigo.com
160,Ashil,Leborgne,4/8/1959,509-682-3204,96 West Junction,aleborgne4f@wikipedia.org
161,Dominga,McNellis,12/3/1972,429-962-2273,129 Cambridge Trail,dmcnellis4g@bloglines.com
162,Fifine,Hadwick,10/22/1998,641-920-5435,646 Rowland Court,fhadwick4h@amazon.de
163,Nanny,Smardon,8/3/1954,654-995-4063,6695 Hoepker Avenue,nsmardon4i@bigcartel.com
164,Standford,Denisyuk,3/14/1987,551-977-5562,9 Parkside Alley,sdenisyuk4j@princeton.edu
165,Josepha,Branchflower,3/19/1996,651-833-7256,9 Crest Line Parkway,jbranchflower4k@ihg.com
166,Luther,Britian,1/1/1993,542-485-7298,57945 Walton Terrace,lbritian4l@nhs.uk
167,Selia,Spradbrow,1/21/1961,739-586-3175,3843 Rigney Lane,sspradbrow4m@cdc.gov
168,Gilburt,Cornil,2/5/1959,824-744-3806,5 Lindbergh Street,gcornil4n@goo.ne.jp
169,Shirley,Pay,5/21/1993,271-220-3328,9 Express Terrace,spay4o@craigslist.org
170,Llewellyn,Paunsford,10/6/1950,334-636-0635,0312 Pleasure Point,lpaunsford4p@guardian.co.uk
171,Valentine,Nowill,7/2/1988,399-153-3887,5556 New Castle Hill,vnowill4q@oracle.com
172,Lorna,Osselton,7/13/1991,406-240-3094,4257 Luster Terrace,losselton4r@businesswire.com
173,Aveline,Ambroz,10/23/1978,326-596-8722,9102 Oakridge Circle,aambroz4s@ibm.com
174,Julianna,MacCartney,11/2/1969,494-820-4971,88 Mockingbird Road,jmaccartney4t@istockphoto.com
175,Hermine,Gutowski,9/22/1995,933-470-5713,9 Granby Center,hgutowski4u@t.co
176,Stanley,Baroux,8/13/1995,738-536-8593,0 Blackbird Point,sbaroux4v@dion.ne.jp
177,Cody,Quelch,5/17/1963,616-157-5781,45817 Arapahoe Plaza,cquelch4w@discovery.com
178,Babita,McOnie,4/7/1954,947-568-0289,564 Truax Parkway,bmconie4x@cnet.com
179,Giacomo,Commings,10/16/1953,454-441-2156,83480 Stephen Parkway,gcommings4y@google.nl
180,Josee,Mowday,12/29/1965,892-227-4310,9 Westend Way,jmowday4z@jimdo.com
181,Rivy,Bogeys,8/20/1964,922-733-5090,391 International Drive,rbogeys50@altervista.org
182,Caroljean,Pudan,11/21/1962,631-875-2952,41 Trailsway Circle,cpudan51@eventbrite.com
183,Torey,Mitchelhill,6/21/1963,744-223-8592,5 Corry Terrace,tmitchelhill52@a8.net
184,Melisse,Karmel,8/5/1956,970-778-5073,268 Tony Center,mkarmel53@barnesandnoble.com
185,Barbra,Lovat,8/15/1961,329-248-8320,111 Talmadge Point,blovat54@economist.com
186,Glen,Sadgrove,4/7/1969,202-958-4242,9883 Pond Street,gsadgrove55@cbsnews.com
187,Cathryn,Gibby,2/21/1984,687-294-4457,29 Lotheville Lane,cgibby56@omniture.com
188,Engracia,Baiss,5/28/1985,945-317-4349,15117 Schlimgen Hill,ebaiss57@ft.com
189,Theodor,Robertet,5/17/1989,763-629-5658,228 Emmet Street,trobertet58@unicef.org
190,Pearl,Tregea,4/29/1987,126-975-4320,871 Hermina Crossing,ptregea59@theguardian.com
191,Hetti,Stuchburie,3/5/1969,907-965-7375,45975 5th Avenue,hstuchburie5a@goo.ne.jp
192,Nanice,Goldberg,12/1/1964,348-208-6210,29674 Green Circle,ngoldberg5b@indiegogo.com
193,Aida,McCroary,1/14/1977,766-390-1232,53874 Helena Avenue,amccroary5c@zimbio.com
194,Stu,Osselton,4/12/1975,978-800-5754,97048 Pleasure Parkway,sosselton5d@salon.com
195,Vale,Johansson,5/13/1980,988-550-4773,52 Mccormick Junction,vjohansson5e@redcross.org
196,Adelle,Ching,10/7/1972,690-922-2621,98094 Green Hill,aching5f@networksolutions.com
197,Bess,Morales,7/28/1977,931-657-5499,81161 Melody Hill,bmorales5g@privacy.gov.au
198,Lenci,Cleator,12/10/1976,695-309-8845,2 Darwin Street,lcleator5h@amazon.de
199,Mariellen,Haughey,7/3/1984,760-854-9785,9687 Leroy Point,mhaughey5i@mail.ru
200,Ewen,Bricket,3/10/1953,446-444-5795,74565 Maryland Place,ebricket5j@diigo.com
201,Evangelia,Dobing,5/11/1997,778-564-9771,28 Miller Junction,edobing5k@pbs.org
202,Lazar,Woodruff,7/28/1953,723-870-9066,6 Mayer Lane,lwoodruff5l@xinhuanet.com
203,Lianne,Jestico,1/15/1989,177-454-4090,1081 Eliot Hill,ljestico5m@wsj.com
204,Nikolas,Salvadore,12/4/1983,111-457-5597,794 Hayes Point,nsalvadore5n@nature.com
205,Jermaine,Mark,4/18/1956,287-256-4967,8961 Union Way,jmark5o@nsw.gov.au
206,Paulina,Baudains,2/8/1998,230-335-4164,1 Sunfield Road,pbaudains5p@goo.gl
207,Dore,Giacomoni,4/3/1975,780-950-8370,1754 Stuart Trail,dgiacomoni5q@vistaprint.com
208,Anna-maria,Wroe,1/20/1962,682-562-1508,252 Morningstar Park,awroe5r@icio.us
209,Kesley,Steuhlmeyer,9/9/1981,139-276-7176,92 Anthes Plaza,ksteuhlmeyer5s@dell.com
210,Berkeley,Pearcehouse,10/16/1952,659-973-6623,402 Ruskin Park,bpearcehouse5t@prnewswire.com
211,Brett,Heffernon,9/9/1964,424-146-2426,7 Fulton Alley,bheffernon5u@wsj.com
212,Laurene,Lillico,5/12/1950,821-553-3347,6969 Dryden Pass,llillico5v@mapquest.com
213,Neda,O'Dennehy,8/15/1991,989-504-3567,69615 Erie Terrace,nodennehy5w@instagram.com
214,Kathy,Windibank,3/6/1979,139-685-3765,857 Kim Lane,kwindibank5x@nih.gov
215,Maxim,Cashell,5/10/1992,741-968-1983,6478 Springview Pass,mcashell5y@aboutads.info
216,Dacie,Tatchell,7/22/1993,202-892-5327,54 Delladonna Lane,dtatchell5z@phoca.cz
217,Blake,Kelso,12/13/1961,311-377-1015,46 West Crossing,bkelso60@woothemes.com
218,Guthry,Gooble,6/12/1999,470-846-8533,75 Chinook Drive,ggooble61@skyrock.com
219,Jodee,Garry,11/3/1970,727-397-1905,0 Blaine Park,jgarry62@sfgate.com
220,Daffy,Blacksell,8/17/1994,914-360-8762,177 Farragut Terrace,dblacksell63@epa.gov
221,Kari,Duignan,11/29/1973,587-686-1103,65 2nd Alley,kduignan64@taobao.com
222,Dorelia,Hanshawe,5/21/1981,191-995-0232,057 Crowley Drive,dhanshawe65@jalbum.net
223,Meghan,Corselles,11/6/1959,955-980-6194,3917 Johnson Center,mcorselles66@ucla.edu
224,Gianni,Mellish,5/11/1974,281-620-9149,24317 Mcbride Junction,gmellish67@odnoklassniki.ru
225,Fina,Offen,6/16/1961,719-924-0999,734 Melvin Avenue,foffen68@mtv.com
226,Shauna,Semeniuk,3/2/1974,887-175-6288,5555 Ridgeway Center,ssemeniuk69@newsvine.com
227,Warren,Tordoff,8/2/1960,857-960-3474,25065 Jay Court,wtordoff6a@ameblo.jp
228,Amalia,Severn,10/31/1993,446-440-8489,0823 Oxford Plaza,asevern6b@dropbox.com
229,Joelynn,Sam,1/7/1974,323-392-2909,5 Bashford Court,jsam6c@tripadvisor.com
230,Bernelle,Carletto,7/21/1987,254-127-8955,49 Utah Avenue,bcarletto6d@nyu.edu
231,Jenn,Booton,1/8/1958,386-865-9503,03387 Hayes Junction,jbooton6e@imgur.com
232,Ekaterina,Sudworth,3/18/1990,891-320-6372,1 Pankratz Way,esudworth6f@mapquest.com
233,Bentley,Bust,10/20/1973,910-514-1216,57203 Hooker Plaza,bbust6g@oakley.com
234,Ethe,Dodsley,5/25/1954,938-793-8287,54473 Shopko Crossing,edodsley6h@slideshare.net
235,Rahal,Matz,10/31/1980,656-769-9277,2 Crowley Court,rmatz6i@ebay.co.uk
236,Neel,Testo,7/2/1956,761-691-7185,2904 Bluestem Road,ntesto6j@github.com
237,Paddy,Gass,9/1/1979,460-453-2724,757 Chive Way,pgass6k@wikipedia.org
238,Kata,Coleford,6/11/1979,480-624-2267,4871 5th Plaza,kcoleford6l@mysql.com
239,Briant,Haselwood,9/9/1977,592-367-6171,45828 Lake View Lane,bhaselwood6m@msu.edu
240,Pegeen,Callear,9/27/1963,630-561-1528,23 Northport Trail,pcallear6n@live.com
241,Tallou,Bartosinski,11/25/1984,523-552-7787,1 Hanover Parkway,tbartosinski6o@mayoclinic.com
242,Cari,Peschmann,5/21/1988,610-605-8181,8896 Granby Park,cpeschmann6p@google.nl
243,Barris,Gowling,8/10/1960,542-567-3845,47456 Marquette Hill,bgowling6q@vistaprint.com
244,Derk,Kroch,11/21/1974,507-487-7993,7 Little Fleur Parkway,dkroch6r@wix.com
245,Karoline,Bonifazio,6/5/1979,945-838-3947,6 Chinook Junction,kbonifazio6s@cbslocal.com
246,Blisse,Husby,9/28/1995,396-590-4552,2150 Chive Point,bhusby6t@omniture.com
247,Martelle,Folker,5/11/1958,642-469-8399,87 Nelson Road,mfolker6u@army.mil
248,Luisa,Crankhorn,9/30/1985,358-666-4062,77845 Knutson Parkway,lcrankhorn6v@nydailynews.com
249,Thadeus,Gascar,8/18/1992,685-995-4098,06 Northport Pass,tgascar6w@booking.com
250,Eugenie,Stadden,11/28/1992,810-499-0049,513 6th Crossing,estadden6x@usatoday.com
251,Sibyl,McQuade,10/18/1950,714-251-1682,2917 Spenser Drive,smcquade6y@omniture.com
252,Maible,Canham,2/13/1956,704-327-7183,70991 Myrtle Parkway,mcanham6z@prweb.com
253,Willa,Lethbury,7/16/1955,589-709-1440,73038 Miller Junction,wlethbury70@technorati.com
254,Cymbre,Leeb,7/14/1989,903-875-9437,2 Nobel Avenue,cleeb71@artisteer.com
255,Alfy,Million,7/18/1983,834-624-7327,7373 7th Junction,amillion72@tiny.cc
256,Jessey,Fidock,7/14/1967,914-288-9069,79 Nobel Avenue,jfidock73@networkadvertising.org
257,Delcina,Brambell,8/16/1989,360-681-0920,68 Kensington Road,dbrambell74@dion.ne.jp
258,Elfie,Lysons,6/4/1992,222-915-3899,73877 Loftsgordon Junction,elysons75@mtv.com
259,Gar,Ballston,3/30/1980,966-514-2292,30380 Pond Alley,gballston76@a8.net
260,Raynor,Hounsom,10/17/1994,538-375-4847,72 Randy Terrace,rhounsom77@dailymotion.com
261,Hershel,Jeff,2/14/1999,286-770-3491,18 Carioca Court,hjeff78@businessinsider.com
262,Linnell,Vevers,4/21/1964,458-853-8997,782 Logan Center,lvevers79@dailymail.co.uk
263,Karlotta,Campanelli,6/10/1984,307-439-5260,2205 Maywood Street,kcampanelli7a@sourceforge.net
264,Ferd,Cheine,2/3/1967,703-821-1210,1 Raven Court,fcheine7b@virginia.edu
265,Harrie,Klainman,4/23/1986,909-715-6061,327 Meadow Valley Parkway,hklainman7c@nifty.com
266,Renata,Matyushonok,1/9/1961,562-364-0054,8 Scofield Junction,rmatyushonok7d@ted.com
267,Olivier,Hucks,9/9/1971,331-456-2841,75 Cordelia Junction,ohucks7e@unicef.org
268,Cristobal,Garnam,1/29/1954,760-929-8434,8 Sutteridge Crossing,cgarnam7f@gmpg.org
269,Ekaterina,Farnham,3/22/1979,535-716-8604,85 Eagle Crest Way,efarnham7g@lulu.com
270,Murdoch,Hindenberger,3/29/1980,534-316-0982,77367 Garrison Street,mhindenberger7h@reverbnation.com
271,Toni,Cornelius,11/21/1961,622-977-3649,300 Debs Crossing,tcornelius7i@reddit.com
272,Oates,Omond,3/30/1980,296-434-4311,496 Bellgrove Parkway,oomond7j@ftc.gov
273,Smith,Kembley,11/11/1966,337-136-2696,4363 Glendale Hill,skembley7k@ted.com
274,Olvan,Jeeves,2/18/1954,793-683-5027,010 Westerfield Plaza,ojeeves7l@infoseek.co.jp
275,Jaquenette,Machon,11/8/1976,300-931-4470,22 Transport Circle,jmachon7m@usda.gov
276,Catie,Audley,9/1/1993,549-330-4915,630 Forster Way,caudley7n@nhs.uk
277,Bertrando,Cansdell,7/19/1977,456-809-4287,75864 Canary Crossing,bcansdell7o@google.ca
278,Zabrina,Ormond,7/18/1952,555-376-3436,54753 Lotheville Plaza,zormond7p@jimdo.com
279,Mikaela,Bisset,1/5/1961,240-197-1408,6 North Parkway,mbisset7q@ifeng.com
280,Jennine,Spatarul,9/20/1960,516-220-3277,0698 Brickson Park Avenue,jspatarul7r@about.me
281,Nero,Wharlton,12/19/1980,206-869-4910,50933 Sommers Pass,nwharlton7s@eepurl.com
282,Kyrstin,Rein,9/12/1982,955-685-7891,11 Rowland Terrace,krein7t@wikipedia.org
283,Sophia,Roblin,2/27/1964,294-499-0745,46603 Anhalt Place,sroblin7u@angelfire.com
284,Georgianne,Sawdy,2/16/1954,593-180-1126,01 Canary Drive,gsawdy7v@amazon.com
285,Stanislaw,Good,4/7/1954,430-991-2956,38 Heath Circle,sgood7w@free.fr
286,Zsa zsa,Clewlow,11/24/1967,406-309-7230,8903 Northview Street,zclewlow7x@usda.gov
287,Prissie,Drewery,12/6/1995,242-773-9545,02 Katie Trail,pdrewery7y@jalbum.net
288,Tristam,Scantleberry,8/5/1954,516-388-0844,65 Waubesa Lane,tscantleberry7z@rambler.ru
289,Beatriz,Fahrenbacher,1/1/1986,989-477-0426,6 Tomscot Terrace,bfahrenbacher80@nba.com
290,Cissy,Stannislawski,12/30/1998,974-279-9806,41161 Straubel Terrace,cstannislawski81@miitbeian.gov.cn
291,Georgeanne,Del Castello,10/26/1952,370-555-1641,288 Barby Park,gdelcastello82@instagram.com
292,Rudolf,Pettiward,3/27/1970,321-951-8263,26176 Pennsylvania Way,rpettiward83@tinypic.com
293,Margalo,Conaghan,7/26/1985,579-306-2735,9174 Namekagon Terrace,mconaghan84@naver.com
294,Osmond,Bushell,2/7/1986,142-822-2348,5875 Saint Paul Hill,obushell85@marriott.com
295,Ernest,Dulanty,1/28/1975,794-220-9410,89 Green Junction,edulanty86@house.gov
296,Wallie,Pryor,7/4/1994,779-750-5233,7 Anniversary Circle,wpryor87@xinhuanet.com
297,Lesly,Gerbel,6/25/1959,673-996-9663,3160 Prentice Park,lgerbel88@spiegel.de
298,Karney,Tesmond,12/16/1950,762-707-4763,8 Monica Plaza,ktesmond89@github.com
299,Elvira,Birney,7/7/1990,988-473-1563,90 Lyons Center,ebirney8a@stanford.edu
300,Dene,Brixham,3/27/1998,161-294-0005,85562 Derek Crossing,dbrixham8b@guardian.co.uk
301,Web,Mattersley,5/17/1955,142-218-3847,16416 Holmberg Circle,wmattersley8c@foxnews.com
302,Aloysius,Jack,5/3/1995,316-469-1017,1444 Mifflin Center,ajack8d@accuweather.com
303,Benedetta,Alldread,9/15/1969,441-271-3132,56 Arizona Place,balldread8e@independent.co.uk
304,Geoff,Hadaway,3/10/1978,215-917-6376,85926 Fair Oaks Plaza,ghadaway8f@sina.com.cn
305,Jacob,Duker,10/29/1951,500-579-4127,75154 Rutledge Junction,jduker8g@desdev.cn
306,Hadleigh,Ranstead,7/14/1963,466-352-5913,71 Westridge Terrace,hranstead8h@wikia.com
307,Rosemarie,Gleed,2/26/1997,329-822-4622,539 Union Trail,rgleed8i@biglobe.ne.jp
308,Eal,Cohani,11/16/1973,729-418-4349,6 Butterfield Lane,ecohani8j@lulu.com
309,Trisha,Oxtoby,3/29/1986,389-582-8644,9241 Dottie Junction,toxtoby8k@tiny.cc
310,Kimberly,Pickin,11/7/1995,912-222-0517,286 Crowley Lane,kpickin8l@noaa.gov
311,Francisca,Kingscote,9/9/1968,368-813-9039,74 Mandrake Plaza,fkingscote8m@so-net.ne.jp
312,Heriberto,Jumonet,11/15/1985,413-993-7847,163 Bluestem Center,hjumonet8n@google.cn
313,Delly,Meach,11/19/1995,942-741-3241,63 Corry Court,dmeach8o@zdnet.com
314,Welch,Wallas,7/20/1996,428-898-6062,841 Oak Alley,wwallas8p@hubpages.com
315,Taryn,Estcourt,12/3/1975,418-940-5012,818 Scoville Avenue,testcourt8q@vistaprint.com
316,Dari,Heale,7/20/1967,336-135-7172,6284 Kinsman Court,dheale8r@wired.com
317,Barb,Dalinder,7/20/1990,131-665-4683,16 Cody Way,bdalinder8s@ycombinator.com
318,Junina,Gullivan,11/15/1961,297-143-7317,977 Huxley Trail,jgullivan8t@youku.com
319,Mose,Gheorghe,2/15/1979,254-580-3640,382 Grim Point,mgheorghe8u@altervista.org
320,Jess,Chapling,12/11/1982,265-382-3256,46273 East Road,jchapling8v@nih.gov
321,Sheppard,Duddan,6/11/1960,442-405-2981,5013 Lotheville Pass,sduddan8w@cbsnews.com
322,Vail,Stokoe,12/18/1974,845-210-5940,99781 Bonner Avenue,vstokoe8x@netlog.com
323,Hobard,Crews,11/6/1995,539-997-8162,33 Vahlen Junction,hcrews8y@liveinternet.ru
324,Jacquetta,Moar,3/31/1996,685-599-1272,6 Mallory Crossing,jmoar8z@moonfruit.com
325,Yorke,McKeowon,12/18/1981,153-875-3002,62 Magdeline Hill,ymckeowon90@answers.com
326,Guglielmo,Allam,8/9/1990,498-488-0154,48 Barnett Terrace,gallam91@springer.com
327,Kipper,Swindell,5/3/1967,721-294-5798,57 Valley Edge Terrace,kswindell92@accuweather.com
328,Tansy,Casson,9/29/1954,706-794-9634,2 Columbus Place,tcasson93@ucla.edu
329,Georges,Dunseath,4/7/1955,507-474-6507,12449 Clemons Lane,gdunseath94@nationalgeographic.com
330,Evangelia,Girardi,10/19/1951,192-323-9858,74 Onsgard Trail,egirardi95@artisteer.com
331,Leonora,Deex,12/4/1956,325-250-8139,5 Sheridan Lane,ldeex96@un.org
332,Welby,Fidge,11/5/1972,414-828-0562,45 Burrows Point,wfidge97@nsw.gov.au
333,Eugenie,Maxwaile,8/28/1955,964-437-9930,8606 Hoard Way,emaxwaile98@intel.com
334,Hildegaard,Colleford,12/28/1984,849-848-3284,419 Dakota Plaza,hcolleford99@upenn.edu
335,Courtnay,Schinetti,7/2/1983,664-304-4721,9 Nelson Court,cschinetti9a@dailymotion.com
336,Claresta,Westcot,9/6/1967,227-194-0978,9987 Forster Point,cwestcot9b@nih.gov
337,Halsey,Giamitti,4/16/1978,846-639-9538,4 Anthes Point,hgiamitti9c@tmall.com
338,Reeva,Bladder,11/2/1999,736-237-8778,9422 Di Loreto Point,rbladder9d@bluehost.com
339,Judy,Fibben,11/26/1950,139-804-5501,52 Ridge Oak Pass,jfibben9e@facebook.com
340,Sebastien,Poad,1/26/1985,643-587-5607,9 Bultman Plaza,spoad9f@oracle.com
341,Minetta,Haton,4/8/1964,985-311-6694,3 Petterle Avenue,mhaton9g@illinois.edu
342,Skipton,Balding,4/16/1967,635-230-2701,2158 Westport Drive,sbalding9h@forbes.com
343,Hilda,Cornels,8/12/1967,219-892-4013,3047 Mayer Avenue,hcornels9i@mit.edu
344,Calypso,Tudgay,12/3/1951,901-309-4990,78251 Service Street,ctudgay9j@vistaprint.com
345,Alene,Ketchen,11/19/1964,370-283-8702,2 Dayton Street,aketchen9k@google.com.au
346,Barnabe,Janovsky,12/24/1959,148-848-3561,9 Browning Crossing,bjanovsky9l@furl.net
347,Wanda,Lowmass,1/5/1971,719-687-4504,5 Nova Alley,wlowmass9m@nih.gov
348,Grata,Milligan,3/3/1978,855-255-5242,3 Holmberg Point,gmilligan9n@digg.com
349,Heinrick,Gollop,8/30/1988,550-792-6158,08 Towne Circle,hgollop9o@wisc.edu
350,Esdras,Shepard,3/16/1990,705-694-4889,0 Arrowood Junction,eshepard9p@usnews.com
351,Gabi,Hatherleigh,5/20/1952,621-832-8192,78 Namekagon Road,ghatherleigh9q@pagesperso-orange.fr
352,Kordula,Pegg,9/8/1981,597-128-5584,98 Mandrake Pass,kpegg9r@ovh.net
353,Madelon,Stair,5/22/1994,991-818-5993,92 Victoria Parkway,mstair9s@mapy.cz
354,Antoine,Soans,11/30/1956,614-820-4424,9157 Fairview Junction,asoans9t@g.co
355,Bevvy,Willingam,8/20/1986,654-511-7048,04 Armistice Alley,bwillingam9u@rakuten.co.jp
356,Bat,Scimone,6/9/1955,854-106-2313,22341 Everett Alley,bscimone9v@google.cn
357,Reid,Brandsen,2/28/1972,397-381-2975,594 Bonner Center,rbrandsen9w@ask.com
358,Marilyn,Gatlin,1/12/1974,919-729-3941,83 Stang Parkway,mgatlin9x@alexa.com
359,Averill,Maffezzoli,3/22/1981,949-919-8698,48440 Lakewood Gardens Road,amaffezzoli9y@cdbaby.com
360,Almeda,Brims,9/3/1985,664-419-8699,92 3rd Parkway,abrims9z@hubpages.com
361,Jaclyn,Triplett,7/11/1980,133-707-8834,6 Ryan Point,jtripletta0@blogspot.com
362,Gabriellia,Andrivel,12/6/1964,410-590-1063,15488 6th Avenue,gandrivela1@ovh.net
363,Lammond,McGahern,10/15/1963,755-343-8624,73281 Warrior Junction,lmcgaherna2@salon.com
364,El,Sheards,6/8/1953,916-676-1340,066 Melvin Court,esheardsa3@cdc.gov
365,Berri,Hannen,10/16/1961,642-122-6322,928 Westend Terrace,bhannena4@illinois.edu
366,Gayel,Tollerton,5/10/1984,871-420-3230,20611 Russell Alley,gtollertona5@rediff.com
367,Star,Burfoot,8/10/1980,211-956-2596,5 Vera Trail,sburfoota6@over-blog.com
368,Prentiss,Clerk,10/26/1999,528-951-9855,32982 Shoshone Road,pclerka7@seattletimes.com
369,Kip,Maestrini,4/18/1969,542-708-9193,1 Ridge Oak Drive,kmaestrinia8@princeton.edu
370,Melisenda,Graddon,7/29/1951,844-692-5770,15 Longview Center,mgraddona9@yahoo.com
371,Sawyere,Todeo,11/18/1997,414-835-5673,54 Westport Crossing,stodeoaa@nba.com
372,Lennie,Grene,7/7/1987,973-679-8738,523 Gina Center,lgreneab@posterous.com
373,Jessi,Larne,5/31/1954,308-396-7166,93786 Green Ridge Lane,jlarneac@nih.gov
374,Slade,Endecott,2/5/1960,341-460-9007,3717 Northview Court,sendecottad@cmu.edu
375,Nathan,Paull,11/2/1982,229-999-6253,20 Florence Place,npaullae@timesonline.co.uk
376,Radcliffe,Shorie,9/27/1958,495-735-1833,0809 Pawling Lane,rshorieaf@networkadvertising.org
377,Penni,Dignum,3/29/1958,551-592-1749,691 Northport Avenue,pdignumag@dell.com
378,Barbara-anne,Inker,5/9/1991,237-563-1227,475 Charing Cross Street,binkerah@accuweather.com
379,Arabele,Llywarch,8/16/1967,332-903-9538,6 Bluejay Hill,allywarchai@discuz.net
380,Nichole,Shortcliffe,6/30/1977,827-766-8597,2323 Hoffman Park,nshortcliffeaj@vistaprint.com
381,Albrecht,Chree,1/1/1995,188-597-9465,7 Cherokee Road,achreeak@nasa.gov
382,Hatty,Stiffell,9/17/1985,583-286-0919,589 Reinke Road,hstiffellal@hp.com
383,Melody,Pesticcio,9/27/1986,522-486-9897,12 Lien Crossing,mpesticcioam@patch.com
384,Sande,Klishin,3/12/1981,977-602-9041,093 Hermina Center,sklishinan@blogger.com
385,Daryl,Vanelli,6/14/1991,126-293-0950,26975 Londonderry Road,dvanelliao@mediafire.com
386,Rachelle,Aubri,2/27/1955,657-252-9884,72 Dorton Street,raubriap@imageshack.us
387,Suki,Crilley,7/28/1992,434-620-7924,78 Warrior Pass,scrilleyaq@msu.edu
388,Gerard,Branthwaite,9/2/1969,141-236-1808,45 Corry Court,gbranthwaitear@dedecms.com
389,Amelia,Samuels,1/1/1952,984-502-0814,6165 Goodland Lane,asamuelsas@wikimedia.org
390,Niccolo,Mackin,12/23/1959,434-911-2819,3421 Farragut Trail,nmackinat@printfriendly.com
391,Jae,Antonik,5/17/1975,519-834-5418,58 Schurz Way,jantonikau@twitter.com
392,Mitzi,Venable,12/28/1989,850-400-6357,733 Anderson Court,mvenableav@vistaprint.com
393,Emmye,Mainston,12/10/1967,729-569-7176,4621 Sullivan Parkway,emainstonaw@businessinsider.com
394,Estrellita,Rowen,2/20/1981,155-147-1638,6633 Cambridge Place,erowenax@blogtalkradio.com
395,Chaddy,Borge,9/2/1985,324-750-9449,7917 Melby Point,cborgeay@comcast.net
396,Crichton,Alty,9/10/1985,791-409-1060,35 Miller Place,caltyaz@tiny.cc
397,Brear,Court,6/23/1956,701-626-2594,04 Green Ridge Circle,bcourtb0@miitbeian.gov.cn
398,Aili,Heed,7/15/1997,753-112-4024,08800 Hazelcrest Parkway,aheedb1@bizjournals.com
399,Elisha,Iredell,8/25/1987,483-260-2580,21722 Comanche Lane,eiredellb2@ycombinator.com
400,Ashley,Icke,2/1/1953,488-901-5977,02 Merrick Pass,aickeb3@about.me
401,Elia,Hannant,11/6/1994,165-707-2616,406 Rieder Lane,ehannantb4@miibeian.gov.cn
402,Sayre,Ronisch,11/17/1970,823-878-8170,9 Brickson Park Point,sronischb5@bluehost.com
403,Jonas,Clawsley,8/29/1969,813-565-4590,9190 Esch Road,jclawsleyb6@cnet.com
404,Clem,Lamdin,10/8/1973,935-913-6487,0924 Haas Parkway,clamdinb7@phoca.cz
405,Brandy,Maloney,1/22/1987,860-746-4078,4 Shasta Avenue,bmaloneyb8@is.gd
406,Emelita,Warrick,5/4/1968,487-115-2988,61584 Melody Lane,ewarrickb9@technorati.com
407,Arleyne,Bulcroft,8/13/1988,525-820-9204,170 Barnett Circle,abulcroftba@jalbum.net
408,Fidole,Hurley,7/9/1957,285-447-8543,36189 Cottonwood Drive,fhurleybb@rakuten.co.jp
409,Katti,Tungate,8/5/1975,392-110-8335,17 Fremont Point,ktungatebc@stanford.edu
410,Pippa,Lovegrove,9/29/1990,499-944-5950,19115 Mesta Alley,plovegrovebd@princeton.edu
411,Arleta,Obert,11/9/1952,907-716-8228,48123 Stang Junction,aobertbe@mozilla.com
412,Halimeda,Surr,10/10/1991,637-918-1179,8899 Lillian Crossing,hsurrbf@jiathis.com
413,Clem,Portugal,4/19/1993,702-226-5699,56 Lyons Center,cportugalbg@chicagotribune.com
414,Rudyard,Borrell,11/22/1963,303-237-2118,3 Hoepker Court,rborrellbh@businessweek.com
415,Juliette,Briton,6/11/1990,516-755-1806,2763 Sutherland Court,jbritonbi@webmd.com
416,Prescott,Corbet,2/13/1964,677-533-5296,2 Cambridge Terrace,pcorbetbj@imageshack.us
417,Darsie,Shoard,1/13/1987,637-908-8158,104 Hagan Road,dshoardbk@issuu.com
418,Bradley,Jakolevitch,2/12/1997,379-334-9511,4 Commercial Terrace,bjakolevitchbl@i2i.jp
419,Jorey,Dossit,9/25/1979,106-227-9662,75 Calypso Park,jdossitbm@spotify.com
420,Erinna,Minchinden,1/14/1977,598-485-0387,53 Caliangt Alley,eminchindenbn@examiner.com
421,Bernadette,Degli Abbati,9/26/1971,628-261-0809,6545 Utah Pass,bdegliabbatibo@slashdot.org
422,Sansone,Weond,4/7/1971,534-886-4234,0735 American Avenue,sweondbp@macromedia.com
423,Caddric,Coleford,12/15/1991,961-677-1463,804 Mosinee Alley,ccolefordbq@bbc.co.uk
424,Rosetta,Churm,2/15/1983,636-780-4261,83712 Porter Plaza,rchurmbr@jigsy.com
425,Adela,Bainton,4/18/1972,285-773-1611,4 Duke Terrace,abaintonbs@blogger.com
426,Clark,Chitham,3/3/1961,464-461-3792,36639 Mifflin Street,cchithambt@china.com.cn
427,Tonia,Ince,7/16/1963,342-532-5140,56 Sauthoff Park,tincebu@icq.com
428,Ceciley,Labusquiere,5/15/1968,530-689-4620,8 Moulton Point,clabusquierebv@so-net.ne.jp
429,Brnaby,MacLese,11/7/1981,770-525-6031,9 Bluestem Terrace,bmaclesebw@china.com.cn
430,Caril,Yair,9/28/1988,908-803-5491,1 Victoria Plaza,cyairbx@gmpg.org
431,Wilton,Potier,3/12/1989,330-678-3822,0029 Nancy Park,wpotierby@rambler.ru
432,Carr,Red,10/25/1975,920-851-9971,30511 Texas Street,credbz@sbwire.com
433,Bernhard,Ratledge,6/21/1983,449-797-6364,0706 Tennessee Circle,bratledgec0@mashable.com
434,Kerrie,Yuryaev,7/26/1981,941-951-5948,696 Pearson Pass,kyuryaevc1@flickr.com
435,Lind,Bushel,7/7/1972,586-327-7465,0329 East Place,lbushelc2@diigo.com
436,Bronnie,Nazer,6/11/1985,276-609-7480,77 Park Meadow Circle,bnazerc3@istockphoto.com
437,Borden,Pilbeam,12/9/1968,452-885-5875,929 Northland Circle,bpilbeamc4@symantec.com
438,Adore,Bowne,12/25/1957,706-462-9497,002 Sycamore Drive,abownec5@dropbox.com
439,Revkah,Reyne,1/21/1974,435-203-7112,7584 Paget Court,rreynec6@godaddy.com
440,Nevile,Haisell,9/29/1985,680-808-6435,99075 Derek Drive,nhaisellc7@indiegogo.com
441,Stewart,Matussov,9/26/1972,411-279-8385,1 Brown Alley,smatussovc8@devhub.com
442,Alfredo,Arthan,7/30/1980,139-458-9119,3936 Gulseth Way,aarthanc9@telegraph.co.uk
443,Merwin,Behrens,3/31/1964,649-566-9943,45182 Schlimgen Hill,mbehrensca@so-net.ne.jp
444,Teirtza,Feetham,1/16/1969,332-433-8090,09751 Tennessee Crossing,tfeethamcb@ca.gov
445,Ingram,Hurl,2/22/1959,832-467-9918,639 Kim Place,ihurlcc@myspace.com
446,Dino,Nurse,10/18/1983,304-913-3091,4410 Acker Pass,dnursecd@bigcartel.com
447,Trula,Davidovitz,2/4/1999,393-101-4669,8 Reindahl Hill,tdavidovitzce@spotify.com
448,Hillel,Izkovicz,8/24/1952,466-721-2793,92666 Everett Alley,hizkoviczcf@comcast.net
449,Ignatius,Pennrington,8/15/1983,462-507-2524,6117 Lukken Lane,ipennringtoncg@parallels.com
450,Yance,Autie,1/15/1989,118-416-1747,32754 Village Court,yautiech@microsoft.com
451,Locke,Hawkett,7/15/1980,811-709-7452,3878 Victoria Avenue,lhawkettci@devhub.com
452,Peggy,Newcomb,6/17/1979,802-922-9524,210 2nd Court,pnewcombcj@nba.com
453,Shep,Pirrie,12/26/1995,757-772-4851,1 Westerfield Drive,spirrieck@mediafire.com
454,Kylen,Mossom,2/6/1959,425-192-9952,56 New Castle Parkway,kmossomcl@miitbeian.gov.cn
455,Frederigo,Hellings,8/9/1987,650-540-2122,75 Moland Plaza,fhellingscm@soup.io
456,Lon,Giacopini,3/28/1989,517-677-1733,044 Claremont Avenue,lgiacopinicn@wired.com
457,Culver,Reinhard,4/16/1993,825-291-7580,523 Cambridge Avenue,creinhardco@hugedomains.com
458,Clyde,Sansam,1/21/1990,517-405-1407,5502 Mendota Junction,csansamcp@youku.com
459,Therese,Millsap,5/18/1978,571-264-9612,56 Roxbury Place,tmillsapcq@sogou.com
460,Skippy,Haizelden,2/20/1963,442-228-2416,0 Eggendart Drive,shaizeldencr@hexun.com
461,Scot,Maffi,11/12/1950,489-762-9041,1500 Loftsgordon Circle,smaffics@theatlantic.com
462,Marcelia,Rudgerd,6/29/1955,578-901-1660,88 Loomis Center,mrudgerdct@wisc.edu
463,Obediah,Lewing,7/3/1950,477-749-4346,5808 Sundown Crossing,olewingcu@digg.com
464,Kylila,Pursglove,3/25/1966,208-777-6557,63658 Fuller Crossing,kpursglovecv@linkedin.com
465,Michaelina,Shearmer,5/10/1999,598-301-1706,99 Farragut Court,mshearmercw@msu.edu
466,Raimondo,Wareham,2/17/1994,885-845-0486,526 Butternut Point,rwarehamcx@intel.com
467,Henry,O'Docherty,8/19/1979,223-767-8338,06 Commercial Junction,hodochertycy@usnews.com
468,Frazer,Dooly,4/25/1977,230-604-1569,60 Blackbird Street,fdoolycz@google.it
469,Egbert,Snowling,11/15/1955,788-552-7778,2840 Butternut Trail,esnowlingd0@jigsy.com
470,Lanae,Bilam,8/8/1994,415-449-1136,51315 Fieldstone Road,lbilamd1@prlog.org
471,Lonnard,Pavlov,1/9/1983,314-286-5707,1803 Schiller Alley,lpavlovd2@surveymonkey.com
472,Ulrika,Restill,7/16/1956,912-533-3717,26319 Thackeray Road,urestilld3@rediff.com
473,Bernette,Kernes,9/4/1967,103-619-5399,0272 Holy Cross Court,bkernesd4@samsung.com
474,Umberto,McKennan,1/10/1999,970-953-9548,72 Fisk Trail,umckennand5@pen.io
475,Elsbeth,Gornal,6/16/1996,673-869-1203,4 Burning Wood Alley,egornald6@cornell.edu
476,Amabelle,Olijve,1/18/1951,226-759-5140,752 Warrior Road,aolijved7@time.com
477,Alejoa,Shillito,11/15/1973,394-588-4796,00655 Grim Terrace,ashillitod8@wunderground.com
478,Jennette,Persich,9/20/1978,414-228-9399,53501 East Drive,jpersichd9@nsw.gov.au
479,Chelsea,Fairclough,2/5/1977,437-169-8594,3972 Ilene Lane,cfaircloughda@cafepress.com
480,Enrique,Sauniere,7/29/1958,498-248-9026,709 Pleasure Drive,esaunieredb@fastcompany.com
481,Ardelle,Zink,7/20/1970,620-400-0591,5786 Hallows Pass,azinkdc@merriam-webster.com
482,Annice,Goricke,9/22/1996,960-717-4777,288 Old Gate Place,agorickedd@mayoclinic.com
483,Benita,Sabine,8/26/1952,470-506-3154,39 Heffernan Street,bsabinede@g.co
484,Cristina,Dudliston,11/21/1953,552-629-6537,7 Fisk Way,cdudlistondf@google.com.br
485,Gates,Dunford,2/8/1959,590-494-5825,753 Katie Terrace,gdunforddg@altervista.org
486,Moise,Escalera,11/19/1996,334-658-2390,990 Algoma Plaza,mescaleradh@drupal.org
487,Eryn,Alentyev,11/9/1964,394-120-4973,2321 Warbler Center,ealentyevdi@hhs.gov
488,Dewain,Saben,5/20/1983,319-242-9848,58 Moulton Park,dsabendj@japanpost.jp
489,Juli,Tawn,9/22/1988,237-849-0894,23 Clemons Circle,jtawndk@simplemachines.org
490,Gaelan,Tremolieres,5/12/1997,855-753-1926,62 Onsgard Pass,gtremolieresdl@constantcontact.com
491,Godwin,Cafferky,3/26/1972,591-398-4204,00056 Bluestem Lane,gcafferkydm@tinypic.com
492,Rosco,Maddrell,4/23/1969,217-576-0826,732 Pankratz Junction,rmaddrelldn@addthis.com
493,Corrie,Cowlas,10/14/1955,861-126-7343,76 Hazelcrest Terrace,ccowlasdo@tmall.com
494,Luce,Ponton,6/30/1992,596-127-0721,78702 Rowland Way,lpontondp@samsung.com
495,Bernard,Defrain,11/16/1995,343-203-9083,94 Nevada Point,bdefraindq@uiuc.edu
496,Sterne,Kyllford,2/28/1983,692-288-3633,90625 Namekagon Drive,skyllforddr@microsoft.com
497,Tristan,Scripps,12/19/1956,642-575-1880,0830 Warner Lane,tscrippsds@pagesperso-orange.fr
498,Renado,Nuttey,11/7/1963,399-348-3741,10372 Forest Run Crossing,rnutteydt@berkeley.edu
499,Trudie,Cockson,3/1/1967,920-151-6810,16 Prairie Rose Lane,tcocksondu@wp.com
500,Chickie,D'Aeth,11/4/1950,571-478-7538,33 East Circle,cdaethdv@nih.gov
501,Carlen,MacCrackan,9/22/1957,123-183-5586,4 Ramsey Plaza,cmaccrackandw@canalblog.com
502,Sumner,Enocksson,2/2/1971,860-912-3371,30781 Eagan Trail,senockssondx@jiathis.com
503,Indira,Renehan,10/31/1964,215-449-7270,03 Meadow Valley Center,irenehandy@yahoo.co.jp
504,Lizbeth,Dimitrov,7/21/1980,717-219-4710,521 Nobel Circle,ldimitrovdz@dedecms.com
505,Farly,Manjin,5/30/1959,482-262-4645,797 Sauthoff Point,fmanjine0@t-online.de
506,Alfie,Kernan,6/7/1950,147-844-6475,88 Fairfield Trail,akernane1@senate.gov
507,Cosme,Barnsdall,5/22/1987,172-684-2617,6 Lunder Crossing,cbarnsdalle2@cdbaby.com
508,Cornelius,Tenant,5/13/1975,802-139-8229,0667 Buena Vista Hill,ctenante3@economist.com
509,Pennie,Douglass,9/18/1987,649-730-4660,48351 Ridge Oak Place,pdouglasse4@purevolume.com
510,Yolande,Tew,1/15/1999,268-374-3615,0143 Transport Alley,ytewe5@samsung.com
511,Patten,Firbank,5/15/1961,459-517-2355,0371 Fordem Crossing,pfirbanke6@china.com.cn
512,Cymbre,Abbett,9/22/1996,930-309-6561,5 Merchant Trail,cabbette7@buzzfeed.com
513,Willette,Toppes,6/20/1954,273-578-6084,99856 Montana Trail,wtoppese8@admin.ch
514,Tiphany,Bridgewood,5/15/1978,855-752-2020,78977 Lighthouse Bay Junction,tbridgewoode9@cpanel.net
515,Josee,Foxon,12/30/1974,808-473-3048,40 Annamark Drive,jfoxonea@cnbc.com
516,Alvina,Realph,9/7/1963,314-545-0074,90 Sullivan Avenue,arealpheb@hubpages.com
517,Lory,Ekins,9/12/1989,237-441-1421,35242 Lotheville Terrace,lekinsec@fastcompany.com
518,Roseline,Renehan,2/23/1954,103-696-1718,92 Carioca Center,rrenehaned@state.gov
519,Sabrina,Urwin,10/14/1968,953-534-1196,05 Amoth Street,surwinee@yolasite.com
520,Herta,Saltrese,12/13/1985,173-764-8046,185 Randy Trail,hsaltreseef@earthlink.net
521,Pooh,Presslee,6/21/1984,157-242-6345,9 Hollow Ridge Way,ppressleeeg@drupal.org
522,Creighton,Olliff,3/11/1972,895-192-9890,7482 Helena Avenue,colliffeh@ning.com
523,Stephenie,Climer,6/19/1987,698-150-6902,486 Arapahoe Road,sclimerei@dion.ne.jp
524,Michaeline,Gilpillan,11/20/1989,805-524-7098,5 Upham Parkway,mgilpillanej@t-online.de
525,Isabeau,Londors,11/21/1971,312-107-6473,182 Mariners Cove Plaza,ilondorsek@deviantart.com
526,Ivonne,Chaloner,3/29/1992,424-413-7720,69053 Meadow Ridge Point,ichalonerel@patch.com
527,Lanny,Clutterham,8/19/1993,412-720-6378,7210 Pennsylvania Trail,lclutterhamem@usatoday.com
528,Zedekiah,Oakland,1/6/1982,402-478-1134,3 Talisman Junction,zoaklanden@irs.gov
529,Tannie,Dominichelli,12/16/1953,346-522-8411,182 Muir Circle,tdominichellieo@1688.com
530,Torre,Hintze,6/22/1967,785-545-3044,7377 Quincy Alley,thintzeep@upenn.edu
531,Lydie,Clink,7/28/1985,697-524-8096,7664 Wayridge Avenue,lclinkeq@istockphoto.com
532,Ranna,Onthank,4/2/1992,234-750-1140,086 Homewood Crossing,ronthanker@harvard.edu
533,Neala,Gedney,12/6/1957,774-487-9220,94 Nobel Place,ngedneyes@unicef.org
534,Kary,Milburn,3/12/1992,415-490-3849,557 Sheridan Street,kmilburnet@netvibes.com
535,Rochella,Scaife,6/11/1983,786-618-6709,4568 Mendota Center,rscaifeeu@sourceforge.net
536,Adan,Portingale,6/5/1982,197-294-8405,21434 Redwing Park,aportingaleev@comcast.net
537,Ivette,Aglione,5/30/1985,785-429-3060,36827 Monica Crossing,iaglioneew@dion.ne.jp
538,Myriam,Disbrey,5/20/1953,357-598-8381,5 Thierer Lane,mdisbreyex@posterous.com
539,Fulvia,Ganforthe,2/4/1952,960-784-9239,426 Thompson Pass,fganfortheey@wordpress.org
540,Deane,Brice,5/10/1979,647-180-6466,1 Green Parkway,dbriceez@usda.gov
541,Arther,Leon,4/12/1969,484-209-8754,6 Petterle Junction,aleonf0@facebook.com
542,Elva,Tonkes,5/8/1968,389-517-0413,494 Heffernan Circle,etonkesf1@taobao.com
543,Angel,Causton,5/21/1986,750-928-0711,3 Forest Lane,acaustonf2@twitter.com
544,Hyacintha,Bierman,1/31/1963,735-673-7903,564 Warner Road,hbiermanf3@moonfruit.com
545,Nikola,Weins,10/5/1962,602-970-7241,85064 Park Meadow Terrace,nweinsf4@drupal.org
546,Abdel,Betham,5/5/1951,735-555-1982,311 Holmberg Circle,abethamf5@liveinternet.ru
547,Nora,O'Conor,2/8/1989,477-727-7121,067 Dexter Court,noconorf6@wikipedia.org
548,Dex,Stallen,9/21/1979,398-107-7486,246 Transport Hill,dstallenf7@google.com.au
549,Cristal,Noto,1/10/1966,483-630-8140,3433 Dunning Trail,cnotof8@sfgate.com
550,Izak,Gonneau,8/29/1978,389-623-4091,8 Becker Way,igonneauf9@aboutads.info
551,Cherie,McGriffin,2/28/1964,643-591-5429,54 Westend Circle,cmcgriffinfa@php.net
552,Irvin,Goodman,2/9/1997,667-662-7481,03 Merry Center,igoodmanfb@ask.com
553,Judah,Santon,7/30/1994,615-137-1353,66 Glacier Hill Point,jsantonfc@economist.com
554,Abner,Mishaw,1/20/1973,309-362-3855,9 8th Drive,amishawfd@tamu.edu
555,Odelinda,Featenby,4/26/1975,432-781-8321,0522 Larry Hill,ofeatenbyfe@arizona.edu
556,Filberte,Surplice,11/5/1968,175-747-9419,251 Carberry Parkway,fsurpliceff@nytimes.com
557,Meredeth,Chstney,12/18/1966,359-857-1737,7729 Charing Cross Way,mchstneyfg@people.com.cn
558,Sauveur,Kittless,4/10/1953,650-297-3083,256 Waywood Crossing,skittlessfh@bizjournals.com
559,Clair,McKinley,7/2/1959,986-342-4543,86544 Surrey Plaza,cmckinleyfi@uol.com.br
560,Garrot,Canavan,8/15/1951,653-364-8726,8040 Schmedeman Avenue,gcanavanfj@360.cn
561,Murielle,Taggart,4/16/1961,677-253-1313,21 Alpine Park,mtaggartfk@bandcamp.com
562,Mata,Bilsford,10/16/1964,194-641-1292,095 Veith Drive,mbilsfordfl@thetimes.co.uk
563,Christi,Kurtis,10/13/1996,777-732-2791,089 Paget Drive,ckurtisfm@businessweek.com
564,Gustave,Rudolfer,5/14/1973,702-953-2504,38904 Luster Circle,grudolferfn@sbwire.com
565,Sidney,Terbeck,12/9/1991,342-672-0344,31 Arrowood Circle,sterbeckfo@etsy.com
566,Pearce,Warrender,11/18/1987,580-287-1149,38 Stang Pass,pwarrenderfp@usnews.com
567,Sibyl,Bartholomaus,12/9/1969,140-430-5653,02 Mandrake Park,sbartholomausfq@dell.com
568,Skip,Langlands,3/10/1978,684-217-9527,756 Blue Bill Park Circle,slanglandsfr@list-manage.com
569,Mariya,Paydon,4/15/1952,555-680-8223,14242 Chinook Street,mpaydonfs@1und1.de
570,Saundra,Sawl,11/10/1992,550-551-3765,97 Commercial Terrace,ssawlft@ameblo.jp
571,Napoleon,Ragbourne,4/28/1981,718-754-3957,4159 Browning Place,nragbournefu@tripadvisor.com
572,Shanda,Grent,9/27/1975,277-679-5039,019 Moose Lane,sgrentfv@nydailynews.com
573,Chlo,Sentinella,5/4/1980,134-877-0547,3 Golf View Junction,csentinellafw@psu.edu
574,Hynda,Rogier,12/28/1977,195-501-2689,31 Hauk Park,hrogierfx@vk.com
575,Dorri,Feehery,7/18/1987,730-369-2569,99 John Wall Junction,dfeeheryfy@businessinsider.com
576,Lita,Conibere,4/22/1965,730-781-4540,184 Dawn Lane,lconiberefz@yahoo.com
577,Bill,Dei,2/8/1965,659-194-5364,713 Kennedy Avenue,bdeig0@sina.com.cn
578,Jeniffer,Jonsson,3/25/1955,765-145-5354,3306 Randy Place,jjonssong1@360.cn
579,Casie,Rodear,1/3/1987,919-842-9042,20 Mifflin Lane,crodearg2@walmart.com
580,Jorey,Phillipson,6/29/1975,545-660-5809,810 4th Alley,jphillipsong3@ocn.ne.jp
581,Stanislas,Kendrew,4/28/1959,810-369-6324,7 Susan Road,skendrewg4@printfriendly.com
582,Luis,Whicher,7/13/1972,139-919-8637,7266 Garrison Street,lwhicherg5@apache.org
583,Stephana,McTeggart,5/4/1959,493-481-3815,480 Fordem Avenue,smcteggartg6@photobucket.com
584,Brian,Tinmouth,11/28/1983,980-738-5298,50249 Miller Point,btinmouthg7@goo.gl
585,Katinka,Yeell,10/23/1963,320-351-2866,2303 Linden Place,kyeellg8@hexun.com
586,Minette,Crehan,9/10/1959,587-415-2673,097 Lerdahl Avenue,mcrehang9@jugem.jp
587,Alfie,McClinton,9/22/1996,478-580-3719,58613 Sloan Center,amcclintonga@statcounter.com
588,Kennett,Carrick,7/23/1988,875-666-5718,569 4th Hill,kcarrickgb@slate.com
589,Kalila,Swatland,12/25/1973,556-401-1611,64420 Quincy Center,kswatlandgc@blinklist.com
590,Giffer,Feaveryear,12/22/1950,695-897-1343,46210 Hayes Terrace,gfeaveryeargd@indiatimes.com
591,Orsola,Gever,11/11/1953,104-527-6498,232 Glendale Pass,ogeverge@auda.org.au
592,Englebert,Kivelle,4/13/1983,193-949-9002,08301 Tomscot Lane,ekivellegf@newyorker.com
593,Lucas,Kase,7/15/1988,484-333-0338,133 Linden Road,lkasegg@bandcamp.com
594,Livvyy,Demetr,6/15/1986,802-799-0379,81447 Orin Drive,ldemetrgh@zdnet.com
595,Rob,Plank,9/1/1976,988-319-1040,0048 Parkside Center,rplankgi@live.com
596,Burke,Moorman,5/24/1986,470-386-7824,2 Independence Trail,bmoormangj@stanford.edu
597,Samuel,Doding,10/6/1990,212-492-4545,30 Kedzie Point,sdodinggk@google.co.uk
598,Cati,Scully,9/2/1995,111-520-7923,89018 Victoria Terrace,cscullygl@g.co
599,Abigale,Celez,10/27/1986,399-960-6267,0297 Saint Paul Way,acelezgm@squarespace.com
600,Marchelle,Ferroni,6/7/1955,387-204-4650,35988 Springview Drive,mferronign@phpbb.com
601,Violante,McIndoe,4/2/1960,133-912-3604,81 Kensington Road,vmcindoego@bing.com
602,Bliss,MacAfee,12/10/1965,932-661-9857,4 Elka Drive,bmacafeegp@businesswire.com
603,Charline,Huegett,11/7/1978,314-920-6768,73963 Harbort Junction,chuegettgq@ted.com
604,Binni,Nys,6/14/1986,370-185-1865,64472 Morrow Terrace,bnysgr@mapy.cz
605,Janos,Covil,4/17/1981,650-167-6997,2 Beilfuss Crossing,jcovilgs@cisco.com
606,Christal,Stanbro,6/29/1976,941-594-4937,89238 Cordelia Court,cstanbrogt@slate.com
607,Berny,Clapham,9/5/1985,307-248-0763,64547 Macpherson Plaza,bclaphamgu@sciencedirect.com
608,Carmela,Harby,11/14/1966,882-193-9762,61617 Sullivan Place,charbygv@bbb.org
609,Todd,Wybrew,10/3/1980,191-465-9007,0 Basil Road,twybrewgw@plala.or.jp
610,Gallagher,Quig,11/18/1955,474-394-5626,54483 Anzinger Point,gquiggx@flavors.me
611,Chip,Skevington,9/8/1990,960-913-1864,547 Lien Parkway,cskevingtongy@wisc.edu
612,Ned,McNeachtain,7/20/1990,699-763-5167,1 Fulton Drive,nmcneachtaingz@economist.com
613,Reggis,Bonsey,12/17/1956,577-188-0290,6914 Annamark Pass,rbonseyh0@odnoklassniki.ru
614,Jelene,Ridgers,6/11/1972,112-731-9555,4593 Mosinee Way,jridgersh1@princeton.edu
615,Morey,Denley,9/25/1951,500-930-0685,47324 Hagan Pass,mdenleyh2@behance.net
616,Rowney,Osment,10/21/1994,914-696-7697,80 Rieder Point,rosmenth3@netvibes.com
617,Judie,Campbell-Dunlop,11/8/1972,332-930-3888,140 Golf Course Terrace,jcampbelldunloph4@behance.net
618,Anne-corinne,Goeff,1/23/1970,467-413-1626,4242 Loeprich Park,agoeffh5@about.com
619,Torrey,Leythley,3/31/1995,325-154-2616,67 Dawn Point,tleythleyh6@chicagotribune.com
620,Teena,Ackenson,9/5/1991,802-874-6336,93 Mallory Trail,tackensonh7@creativecommons.org
621,Dalila,Nelthrop,10/23/1957,773-902-8116,834 Mayer Plaza,dnelthroph8@goo.gl
622,Guilbert,Chestnut,4/5/1978,380-460-2953,61 La Follette Drive,gchestnuth9@blogger.com
623,Tremaine,Meaton,7/19/1950,638-683-2693,9964 Lakewood Gardens Park,tmeatonha@nyu.edu
624,Ruprecht,Simmers,7/5/1951,885-492-2284,24 Mariners Cove Alley,rsimmershb@disqus.com
625,Rubia,Hrihorovich,7/9/1976,451-925-0497,31442 Ramsey Hill,rhrihorovichhc@over-blog.com
626,Orelle,Kohtler,5/22/1988,592-230-0213,38 Sunnyside Lane,okohtlerhd@gov.uk
627,Ingmar,Elt,9/26/1991,291-293-3726,820 Arizona Drive,ielthe@amazon.co.jp
628,Katleen,Farnon,4/30/1994,168-731-4320,9 American Ash Junction,kfarnonhf@360.cn
629,Valentijn,Llewelly,10/27/1953,361-949-6720,9906 Stone Corner Court,vllewellyhg@indiegogo.com
630,Elene,Abethell,2/19/1964,578-694-9462,41 Colorado Drive,eabethellhh@networksolutions.com
631,Alexa,Oubridge,7/19/1967,144-303-9984,6 West Lane,aoubridgehi@51.la
632,Kathe,Gritland,8/14/1999,954-207-9890,66 Grayhawk Place,kgritlandhj@infoseek.co.jp
633,Theobald,Flinders,5/22/1970,673-498-0862,9 Sundown Trail,tflindershk@washington.edu
634,Beryle,Southouse,1/9/1961,892-427-5904,1393 Kipling Point,bsouthousehl@lulu.com
635,Carmelia,Maceur,6/18/1972,327-169-8382,772 Lien Road,cmaceurhm@narod.ru
636,Delilah,Cund,7/1/1950,838-972-6858,64 Montana Plaza,dcundhn@lulu.com
637,Ariel,Woodvine,1/17/1988,371-688-2182,50 Dryden Avenue,awoodvineho@parallels.com
638,Bari,Burberry,8/14/1961,229-503-4783,3020 Continental Road,bburberryhp@dyndns.org
639,Bobina,Franck,2/8/1960,924-132-1506,34579 Homewood Alley,bfranckhq@icio.us
640,Marcelia,Bohlens,8/2/1999,946-755-5773,6 Shelley Circle,mbohlenshr@imageshack.us
641,Bartlet,Plackstone,11/15/1991,391-463-4839,13154 Independence Pass,bplackstonehs@google.ru
642,Buck,De Laci,5/19/1974,496-539-1821,94 Fallview Street,bdelaciht@ask.com
643,Horatius,Freegard,10/4/1955,284-492-0880,7925 Shopko Terrace,hfreegardhu@umn.edu
644,Ellene,Scowen,6/17/1970,479-443-3661,1 Cordelia Junction,escowenhv@imgur.com
645,Kathe,Raden,2/5/1973,988-980-8264,35 Roxbury Junction,kradenhw@cbc.ca
646,Haskel,Elderton,3/10/1981,721-598-1329,570 School Lane,heldertonhx@github.com
647,Waylan,Seally,6/11/1991,384-339-0788,3 Colorado Crossing,wseallyhy@huffingtonpost.com
648,Davie,Matysik,6/5/1979,590-885-7478,2 Jana Lane,dmatysikhz@list-manage.com
649,Janeen,Silley,1/27/1954,394-919-7609,2531 Messerschmidt Street,jsilleyi0@ft.com
650,Mia,Fruchon,5/4/1958,108-878-1745,203 Gale Circle,mfruchoni1@cam.ac.uk
651,Marvin,Haggart,4/23/1993,360-915-7901,2611 Judy Plaza,mhaggarti2@aboutads.info
652,Leroi,Brilon,3/2/1970,392-987-0707,631 Annamark Lane,lbriloni3@imageshack.us
653,Datha,Rodliff,8/7/1965,438-283-1780,69242 Novick Terrace,drodliffi4@t-online.de
654,Patrice,Seller,2/18/2000,261-687-9373,4 Westridge Trail,pselleri5@topsy.com
655,Cesya,Icom,1/20/1961,366-222-5113,24 Fairfield Point,cicomi6@ustream.tv
656,Jasmin,Bevis,1/15/2000,811-240-3095,45691 Del Sol Junction,jbevisi7@diigo.com
657,Timofei,Pendre,6/14/1998,326-688-7889,17700 Magdeline Street,tpendrei8@cyberchimps.com
658,Cathyleen,Dopson,12/17/1951,480-563-0962,82 Merchant Crossing,cdopsoni9@blogger.com
659,Stormie,Tinsey,10/7/1994,167-898-3180,0299 Tennyson Court,stinseyia@last.fm
660,Arther,Housbey,5/11/1978,269-106-5388,116 Russell Avenue,ahousbeyib@seesaa.net
661,Brigida,Perrelli,1/22/1960,982-542-0171,92 Roxbury Park,bperrelliic@printfriendly.com
662,Wheeler,Jeske,8/6/1994,981-370-7730,49477 Lakewood Gardens Avenue,wjeskeid@miibeian.gov.cn
663,Kalila,Morbey,1/3/1996,131-162-5064,8888 Anderson Street,kmorbeyie@dot.gov
664,Antonina,Stefanovic,5/26/1967,533-763-5099,8 Amoth Terrace,astefanovicif@spiegel.de
665,Charita,Hensmans,1/26/1970,926-719-2894,64 Golf Course Park,chensmansig@ocn.ne.jp
666,Corri,Sayce,3/9/1992,683-198-8681,1 Green Ridge Way,csayceih@mtv.com
667,Thedric,Grigoliis,11/7/1967,695-375-2172,834 Helena Pass,tgrigoliisii@cmu.edu
668,Verge,Muncey,6/15/1974,135-526-4158,2 John Wall Place,vmunceyij@ebay.co.uk
669,Dud,Carpenter,7/15/1991,445-868-7852,22494 Everett Way,dcarpenterik@google.it
670,Finn,Hatt,8/8/1987,929-282-9850,71 Stang Drive,fhattil@godaddy.com
671,Johnny,McIlraith,12/16/1950,435-220-9331,61913 Golf Road,jmcilraithim@sourceforge.net
672,Granthem,Hatrick,1/18/1957,992-707-9193,475 Sheridan Avenue,ghatrickin@bigcartel.com
673,Dorise,Krollman,1/29/1993,111-363-6155,08 1st Place,dkrollmanio@si.edu
674,Christi,McAllester,12/7/1995,254-714-7116,38 Hintze Trail,cmcallesterip@yahoo.com
675,Norry,Martensen,7/5/1959,302-141-9173,87 Hermina Drive,nmartenseniq@desdev.cn
676,Felizio,Chelley,2/9/1992,138-804-1300,10 Division Plaza,fchelleyir@addtoany.com
677,Oliy,Drees,10/29/1966,680-164-7105,904 Luster Hill,odreesis@fc2.com
678,Bondie,Eadon,4/22/1996,805-520-8124,92 Dennis Crossing,beadonit@ox.ac.uk
679,Adair,Tippin,4/1/1976,387-204-4145,157 Heffernan Center,atippiniu@harvard.edu
680,Vlad,Fowley,5/20/1967,207-641-7036,05 Golf View Pass,vfowleyiv@china.com.cn
681,Elisabeth,Ferbrache,11/13/1998,358-815-8299,3036 Valley Edge Center,eferbracheiw@smh.com.au
682,Rollin,Martinson,9/9/1958,731-146-9756,5 Division Terrace,rmartinsonix@aol.com
683,Cletus,Clell,2/25/1983,577-301-0940,97437 Ohio Pass,cclelliy@oaic.gov.au
684,Garvey,Pellamonuten,3/20/1974,303-756-2447,7 Messerschmidt Place,gpellamonuteniz@multiply.com
685,Normy,Jeanes,12/16/1989,278-836-3250,51209 Schmedeman Way,njeanesj0@github.io
686,Nariko,Pepper,6/4/1966,403-707-5643,7 Onsgard Parkway,npepperj1@networksolutions.com
687,Bail,Meineken,10/17/1986,947-827-7519,94 Harper Parkway,bmeinekenj2@accuweather.com
688,Karlik,Chatten,2/1/1994,606-425-0967,48 Fremont Point,kchattenj3@cbsnews.com
689,Merrilee,Skelhorne,10/10/1953,490-916-1105,89 Golden Leaf Crossing,mskelhornej4@chicagotribune.com
690,Eward,Andriss,5/28/1964,933-901-5056,9 Scott Parkway,eandrissj5@cbc.ca
691,Ezequiel,Everson,6/8/1958,285-453-0939,751 Nancy Lane,eeversonj6@domainmarket.com
692,Cosette,Gronav,5/3/1950,112-280-4757,307 Kings Alley,cgronavj7@networksolutions.com
693,Allys,Barosch,2/2/1955,592-214-1947,5 Gale Terrace,abaroschj8@blog.com
694,Joice,Idell,11/12/1976,195-393-0064,00581 Nova Court,jidellj9@vk.com
695,Lyell,Lukesch,1/16/1988,619-404-9528,2 Anhalt Drive,llukeschja@senate.gov
696,Cindelyn,Minihan,1/3/1989,306-166-8665,77080 Almo Parkway,cminihanjb@twitpic.com
697,Clywd,Tremethack,1/13/1993,590-514-3177,0988 Hooker Alley,ctremethackjc@artisteer.com
698,Hale,Trahearn,12/15/1983,359-373-2398,7705 Porter Park,htrahearnjd@networkadvertising.org
699,Daffie,Warn,3/17/1976,644-352-6924,46 Monica Crossing,dwarnje@mozilla.com
700,Davine,Eyckelbeck,2/17/1964,824-657-0633,93 Anhalt Road,deyckelbeckjf@sourceforge.net
701,Bethena,Burleigh,3/4/1981,614-808-7112,7 Mesta Pass,bburleighjg@mysql.com
702,Phyllida,Pharo,8/28/1998,672-939-5226,69 Atwood Circle,ppharojh@nsw.gov.au
703,Gabriello,Burl,12/12/1999,728-282-4738,975 Transport Trail,gburlji@360.cn
704,Eleni,Exeter,7/31/1960,978-998-2616,8949 Division Pass,eexeterjj@alibaba.com
705,Amalee,Haszard,2/13/1958,138-584-9544,17299 Spaight Lane,ahaszardjk@umich.edu
706,Natala,Hartill,10/4/1978,960-294-8264,1919 Shopko Trail,nhartilljl@bizjournals.com
707,Bobbette,Scandred,3/19/1959,492-917-7400,636 Hermina Point,bscandredjm@fda.gov
708,Tonye,Beggs,11/25/1958,607-247-0160,930 Havey Avenue,tbeggsjn@slate.com
709,Archie,Bernardelli,7/23/1950,938-604-1466,5282 Raven Way,abernardellijo@indiegogo.com
710,Zara,Ballantine,3/17/1954,493-874-1983,3608 Longview Point,zballantinejp@ted.com
711,Dinny,Foro,11/27/1964,679-623-9265,450 Marquette Park,dforojq@prnewswire.com
712,Ailyn,Neeves,1/5/1961,639-445-3125,983 Kropf Alley,aneevesjr@dedecms.com
713,Kennith,Hawkswood,3/24/1991,782-555-8498,3683 Steensland Place,khawkswoodjs@delicious.com
714,Andie,Tawse,11/10/1983,441-567-5262,9 Mendota Avenue,atawsejt@tuttocitta.it
715,Beltran,Leppington,10/30/1956,295-699-3650,87 Hollow Ridge Road,bleppingtonju@theglobeandmail.com
716,Rahel,Haxley,2/17/1985,609-331-3351,06 Eagle Crest Way,rhaxleyjv@virginia.edu
717,Geoffrey,Dingsdale,4/8/1993,619-471-5650,530 Larry Park,gdingsdalejw@seattletimes.com
718,Sandy,Charteris,5/1/1967,822-488-3881,495 Debs Hill,scharterisjx@mlb.com
719,Verna,Cabera,3/3/1984,383-734-9185,2 Northport Terrace,vcaberajy@cpanel.net
720,Nadine,Hartzog,9/4/1979,605-127-1911,76 Dryden Court,nhartzogjz@cnbc.com
721,Sonnie,Murtell,12/4/1994,904-993-4157,9919 Troy Trail,smurtellk0@sakura.ne.jp
722,Regina,O'Duane,6/24/1982,326-235-9856,69205 Victoria Road,roduanek1@ox.ac.uk
723,Letizia,Braidwood,3/11/1967,960-904-6216,38144 Derek Pass,lbraidwoodk2@github.io
724,Izaak,Hiskey,5/2/1981,603-336-4661,5415 Jackson Court,ihiskeyk3@psu.edu
725,Evaleen,O'Cleary,7/13/1978,211-694-2838,3 Artisan Court,eoclearyk4@hp.com
726,Cherise,Rozycki,3/7/1991,986-699-4106,1298 Red Cloud Terrace,crozyckik5@about.me
727,Hector,Rubinowitsch,5/10/1967,219-433-2590,933 Farmco Center,hrubinowitschk6@infoseek.co.jp
728,Bevon,Carme,6/7/1995,112-109-2941,985 Packers Place,bcarmek7@arizona.edu
729,Allissa,Gratten,2/25/1979,737-328-3157,304 Bay Way,agrattenk8@storify.com
730,Coral,Lingwood,10/10/1955,469-825-7550,586 Leroy Point,clingwoodk9@independent.co.uk
731,Bartlett,Shevell,11/19/1976,725-911-9041,8 Holy Cross Way,bshevellka@wired.com
732,Kyla,Gooble,8/28/1997,188-470-9528,28 8th Street,kgooblekb@flickr.com
733,Pauletta,Lambdin,6/9/1950,471-665-4827,5 Oak Valley Street,plambdinkc@dedecms.com
734,Sheelagh,Sprigin,8/19/1964,471-402-0900,3 Holmberg Plaza,sspriginkd@kickstarter.com
735,Cinderella,Hew,12/8/1963,859-376-0514,0134 Emmet Plaza,chewke@craigslist.org
736,Elbertine,Bartens,6/29/1971,225-780-9100,62 Bellgrove Junction,ebartenskf@blinklist.com
737,Aymer,Bails,1/24/1963,456-652-3832,9 Sycamore Junction,abailskg@soundcloud.com
738,Bobbette,Dalliwatr,6/2/1998,373-109-4394,2063 West Drive,bdalliwatrkh@trellian.com
739,Griffie,Simonetto,4/13/1980,221-381-8118,27 Stuart Center,gsimonettoki@illinois.edu
740,Dante,Chapple,5/12/1977,250-307-1763,78912 Dwight Terrace,dchapplekj@google.com
741,Holt,Arsey,7/27/1983,134-191-0952,38 Donald Court,harseykk@google.com.au
742,Gwenore,Toppas,1/14/1994,711-790-7776,76484 Golden Leaf Street,gtoppaskl@mapy.cz
743,Gordan,Riccioppo,5/16/1951,696-504-9518,8447 Sutherland Crossing,griccioppokm@elegantthemes.com
744,Asa,Charrier,3/12/1965,588-977-3202,3013 Knutson Alley,acharrierkn@cloudflare.com
745,Eve,Strong,3/15/1971,963-931-9683,8572 Oxford Way,estrongko@feedburner.com
746,Jon,Pollicatt,8/28/1990,163-856-2835,3786 Pierstorff Center,jpollicattkp@homestead.com
747,Sharon,Raspison,7/24/1986,385-124-5011,8588 Center Trail,sraspisonkq@storify.com
748,Leonhard,Axtens,3/16/1971,873-509-1141,19321 Messerschmidt Terrace,laxtenskr@scientificamerican.com
749,Elwira,Eggleston,5/2/1961,875-117-5321,3 Troy Avenue,eegglestonks@slashdot.org
750,Marcelo,Lapping,11/3/1955,504-145-5242,080 Sundown Place,mlappingkt@jiathis.com
751,Alexa,Morphew,7/3/1986,466-253-9850,6 Longview Hill,amorphewku@1688.com
752,Hildagard,Ablett,3/14/1971,755-430-2530,44577 Monterey Avenue,hablettkv@surveymonkey.com
753,Kaile,Hayesman,10/31/1956,406-293-9066,371 Ronald Regan Place,khayesmankw@timesonline.co.uk
754,Alysia,Tancock,7/6/1971,570-568-0743,32 Arrowood Pass,atancockkx@google.ru
755,Garrick,Kunat,12/4/1965,561-251-9930,18099 Little Fleur Avenue,gkunatky@twitter.com
756,Stuart,Muselli,2/20/1973,275-518-9910,17 Westridge Alley,smusellikz@aol.com
757,Bebe,Rentoll,9/26/1992,971-120-0450,59982 Killdeer Parkway,brentolll0@wikipedia.org
758,Ethan,Campkin,11/7/1955,690-314-7951,60 Drewry Way,ecampkinl1@google.co.uk
759,Danell,Bannister,4/30/1955,690-496-8653,3 Sutteridge Circle,dbannisterl2@dagondesign.com
760,Cybil,Kellog,6/12/1950,637-249-4515,7 Redwing Street,ckellogl3@ebay.co.uk
761,Prudence,Vany,2/13/1992,398-245-2215,27 Stang Parkway,pvanyl4@indiatimes.com
762,Prent,Sambath,3/12/1993,309-399-5128,226 Forest Terrace,psambathl5@china.com.cn
763,Dex,Yule,10/10/1990,961-138-2402,0434 Bultman Center,dyulel6@yale.edu
764,Rusty,Streeter,8/11/1958,398-440-0679,61789 Holy Cross Hill,rstreeterl7@dot.gov
765,Moishe,Gerlts,1/22/1987,843-781-0630,34588 Bayside Parkway,mgerltsl8@bloglines.com
766,Earlie,Schiersch,8/16/1958,394-907-3518,20 Leroy Avenue,eschierschl9@ezinearticles.com
767,Welsh,Vanichkov,6/17/1992,357-748-4034,2 Johnson Lane,wvanichkovla@mtv.com
768,Meridel,Perrottet,3/6/1990,310-723-0743,63 American Way,mperrottetlb@dagondesign.com
769,Cristabel,Spottiswood,11/19/1960,500-573-6207,41194 Londonderry Parkway,cspottiswoodlc@merriam-webster.com
770,Maurine,Baynham,3/6/1956,891-680-0725,14500 Oneill Road,mbaynhamld@admin.ch
771,Tobey,Lardner,8/23/1972,738-734-8907,82 Fordem Street,tlardnerle@trellian.com
772,Robbert,Pucker,8/4/1965,679-388-0081,47893 Duke Terrace,rpuckerlf@gravatar.com
773,Ollie,Denisevich,5/29/1961,460-269-3530,284 Sachs Center,odenisevichlg@epa.gov
774,Rudyard,Cumesky,4/10/1951,308-193-8322,1 Mallory Junction,rcumeskylh@arizona.edu
775,Munroe,Baleine,9/5/1961,358-954-6209,2 Bay Center,mbaleineli@pinterest.com
776,Ruth,Creswell,12/28/1966,898-293-0226,77690 Northridge Way,rcreswelllj@flickr.com
777,Benn,Breslau,12/4/1965,551-406-3490,14385 Reinke Point,bbreslaulk@chron.com
778,Joey,McLeoid,12/4/1980,995-734-7100,1 Roth Plaza,jmcleoidll@ebay.co.uk
779,Cleo,Shevell,5/16/1955,718-381-3504,225 Muir Crossing,cshevelllm@fema.gov
780,Killy,Welfair,10/9/1950,136-896-4711,72766 Texas Avenue,kwelfairln@jiathis.com
781,Constantine,Thame,2/21/1976,346-649-7904,2131 Eastlawn Way,cthamelo@sohu.com
782,Clementina,Tatterton,11/28/1973,874-190-1484,8 Paget Lane,ctattertonlp@java.com
783,Lori,Slate,10/6/1955,981-963-5797,19927 Lakewood Gardens Parkway,lslatelq@tumblr.com
784,Lucretia,Adamsen,6/12/1955,163-477-4937,87468 Riverside Hill,ladamsenlr@unesco.org
785,Zaneta,Liley,8/31/1997,530-264-0294,668 Autumn Leaf Hill,zlileyls@wix.com
786,Beryle,Lowings,11/13/1978,776-785-8282,2331 Grasskamp Lane,blowingslt@cyberchimps.com
787,Carolyn,Kneafsey,7/3/1964,208-883-6611,11 Miller Circle,ckneafseylu@studiopress.com
788,Randi,Mossdale,12/13/1979,946-703-7314,42 Gale Court,rmossdalelv@noaa.gov
789,Gardy,Riggert,6/2/1982,979-661-0590,18 Express Avenue,griggertlw@i2i.jp
790,Garvy,Squibe,2/6/1985,530-277-5327,5 Ridgeway Circle,gsquibelx@imgur.com
791,Isobel,Charlo,7/22/1981,389-230-5411,9 Goodland Alley,icharloly@nifty.com
792,Beatrisa,Rummings,11/15/1973,916-804-7538,34 Basil Drive,brummingslz@goo.gl
793,Bunni,Stuchbery,4/27/1990,634-456-9430,904 Gerald Avenue,bstuchberym0@digg.com
794,Merilee,Hefforde,3/2/1962,625-127-6306,68363 Fairview Circle,mheffordem1@miibeian.gov.cn
795,Alwyn,Girling,6/17/1985,143-355-2215,98 Riverside Court,agirlingm2@imageshack.us
796,Candis,Compton,6/27/1960,918-919-2270,109 Lerdahl Circle,ccomptonm3@jalbum.net
797,Delores,Ewbach,6/24/1997,816-895-9577,9 Independence Park,dewbachm4@elpais.com
798,Ferrel,Goscar,9/4/1998,864-796-0582,77776 Glacier Hill Junction,fgoscarm5@bandcamp.com
799,Karita,Aucutt,9/15/1986,850-120-4155,1 Moose Court,kaucuttm6@webmd.com
800,Celeste,Cannaway,12/7/1974,415-334-2846,3477 Melrose Plaza,ccannawaym7@who.int
801,Virgie,Harnett,2/24/1985,211-471-1466,8092 Grayhawk Parkway,vharnettm8@columbia.edu
802,Steffane,Crowden,11/6/1973,636-385-0251,3168 Forster Point,scrowdenm9@china.com.cn
803,Georgette,Casewell,6/23/1976,122-113-1822,3749 Stephen Trail,gcasewellma@people.com.cn
804,Mitzi,Barhims,9/21/1999,984-448-3991,687 Old Gate Street,mbarhimsmb@nytimes.com
805,Anderea,Boffin,8/15/1982,554-812-5909,37 Nevada Drive,aboffinmc@bloomberg.com
806,Chandler,Daye,9/24/1976,177-432-9526,95414 Logan Center,cdayemd@blog.com
807,Brandi,Brunel,12/18/1960,278-432-5219,1778 Lindbergh Park,bbrunelme@zimbio.com
808,Cullin,O'Crigane,11/2/1950,987-744-7069,9 Morrow Junction,cocriganemf@wp.com
809,Rollins,Wherrit,8/3/1974,984-215-3557,0 Caliangt Road,rwherritmg@amazon.de
810,Jade,Barrable,6/27/1954,801-121-4186,3841 Butternut Way,jbarrablemh@fc2.com
811,Justen,Lowndes,11/27/1988,370-218-2877,44 Scott Place,jlowndesmi@godaddy.com
812,Ganny,Culkin,5/30/1965,285-272-1814,6 Vahlen Lane,gculkinmj@feedburner.com
813,Caddric,Margery,2/15/1988,961-393-8021,4882 Walton Park,cmargerymk@homestead.com
814,Nanice,Janouch,4/21/1960,504-397-0752,80574 Nobel Court,njanouchml@zimbio.com
815,Jaymee,Cathie,4/25/1975,791-280-1822,694 Blaine Junction,jcathiemm@theglobeandmail.com
816,Gardiner,Salling,9/16/1969,788-472-4842,0 Leroy Avenue,gsallingmn@java.com
817,Shay,Schutter,9/9/1999,581-657-7991,40568 Pond Road,sschuttermo@theglobeandmail.com
818,Cullan,Clayworth,2/4/1992,665-268-1646,0371 Barby Drive,cclayworthmp@mapquest.com
819,Devora,Rattrie,3/29/1966,283-797-3025,3 Ruskin Avenue,drattriemq@delicious.com
820,Shirl,Wallhead,7/28/1993,885-316-0584,98491 Scott Crossing,swallheadmr@hhs.gov
821,Shoshana,Nayshe,9/26/1992,395-852-5720,0 Granby Crossing,snayshems@youku.com
822,Zeb,Piscopello,4/18/1986,205-707-9416,6 Bunker Hill Point,zpiscopellomt@canalblog.com
823,Matthiew,McLucas,1/12/1988,211-241-0475,25476 Petterle Parkway,mmclucasmu@nytimes.com
824,Hi,Baud,3/2/1991,878-628-5802,67599 Oakridge Parkway,hbaudmv@wiley.com
825,Demetra,McNaughton,8/31/1952,359-740-7090,6335 La Follette Alley,dmcnaughtonmw@baidu.com
826,Benedikta,Zambonini,6/6/1989,977-955-3623,3922 South Way,bzamboninimx@cnn.com
827,Matelda,Ketley,5/18/1972,113-772-4941,0 Nova Drive,mketleymy@twitpic.com
828,Eulalie,Tampen,10/1/1999,111-538-0859,6 Dayton Point,etampenmz@mediafire.com
829,Lethia,Stallan,8/20/1980,660-739-0239,68417 Holy Cross Circle,lstallann0@photobucket.com
830,Veriee,Scurrell,4/5/1961,489-404-7565,345 Meadow Vale Avenue,vscurrelln1@istockphoto.com
831,Pearla,Plumley,2/23/1983,323-870-3795,9 Nevada Hill,pplumleyn2@sphinn.com
832,Jamal,Giggs,6/28/1975,799-619-9334,240 Calypso Street,jgiggsn3@npr.org
833,Horatius,Sessuns,6/8/1966,981-940-7360,385 Victoria Drive,hsessunsn4@odnoklassniki.ru
834,Morgana,Wroth,4/12/1992,534-878-6991,549 Farragut Crossing,mwrothn5@list-manage.com
835,Emmye,Broadbere,11/8/1989,684-357-8738,16 Judy Alley,ebroadberen6@blogger.com
836,Forest,Pennetti,1/10/1954,548-669-1297,80 Eastwood Drive,fpennettin7@clickbank.net
837,Stanislaw,Schlag,2/8/1960,445-434-2090,397 Johnson Lane,sschlagn8@google.de
838,Zita,Antonelli,10/18/1967,375-484-7689,59470 Warrior Avenue,zantonellin9@ox.ac.uk
839,Tally,Biasotti,7/13/1954,994-429-7003,93 Menomonie Court,tbiasottina@squarespace.com
840,Laureen,Clee,3/31/1999,725-389-0350,7846 Declaration Alley,lcleenb@netvibes.com
841,Culley,Ferminger,2/21/1975,742-394-2177,23302 Emmet Point,cfermingernc@amazon.co.jp
842,Merrielle,Zamboniari,5/4/1982,345-283-6831,26 Larry Pass,mzamboniarind@acquirethisname.com
843,Petey,Tewkesberry,9/5/1983,936-712-7903,08061 Barby Drive,ptewkesberryne@amazon.co.uk
844,Margarete,Weeke,12/24/1994,608-231-0841,305 Mockingbird Circle,mweekenf@weebly.com
845,Winifred,Rolland,12/16/1972,631-250-5533,76 Lakeland Avenue,wrollandng@example.com
846,Gerry,Wrotham,2/6/1987,402-417-6099,2144 Anderson Center,gwrothamnh@nbcnews.com
847,Lilith,Pope,11/29/1991,777-281-8046,7 Eastwood Trail,lpopeni@cornell.edu
848,Cammy,Tunnock,3/19/1996,371-221-2827,62059 Dorton Center,ctunnocknj@artisteer.com
849,Auberta,Grigolon,4/16/1958,642-996-0883,286 Arkansas Park,agrigolonnk@blinklist.com
850,Alana,Gowen,2/24/1956,569-280-3653,0 Loeprich Road,agowennl@ox.ac.uk
851,Palmer,Simonel,6/25/1970,165-182-7258,65217 Nova Road,psimonelnm@ning.com
852,Stacia,Perring,4/23/1956,443-734-6186,2298 Mariners Cove Crossing,sperringnn@networksolutions.com
853,Charis,Bourthouloume,10/5/1964,676-521-2582,9 Gerald Circle,cbourthouloumeno@w3.org
854,Alan,Ledgerton,2/14/1967,512-674-8646,1 East Circle,aledgertonnp@cpanel.net
855,Alverta,Creighton,7/12/1956,604-189-3448,77 Bay Road,acreightonnq@google.com.br
856,Virgie,Lodovichi,7/28/1958,750-522-0306,50 Meadow Valley Way,vlodovichinr@marketwatch.com
857,Ricky,Soden,8/7/1977,877-465-7033,6428 Ryan Alley,rsodenns@twitter.com
858,Charlean,Penzer,7/26/1976,770-355-0908,3 Loomis Plaza,cpenzernt@lycos.com
859,Euphemia,Hornung,10/13/1957,228-598-3765,8289 Golden Leaf Road,ehornungnu@behance.net
860,El,Ainsby,8/31/1980,535-648-3014,44 Vermont Avenue,eainsbynv@tinyurl.com
861,Ilse,Imorts,7/10/1995,615-489-3777,69 Nobel Drive,iimortsnw@goodreads.com
862,Hertha,Arnefield,11/14/1995,520-440-4007,31645 Hovde Avenue,harnefieldnx@lycos.com
863,Wilfrid,Kusick,10/7/1955,405-786-4515,7695 Old Shore Plaza,wkusickny@chicagotribune.com
864,Doria,Bavage,1/24/2000,210-546-0387,9 4th Drive,dbavagenz@disqus.com
865,Lorrin,Sommersett,2/22/1994,865-425-6978,47 Hoffman Trail,lsommersetto0@illinois.edu
866,Kevyn,Clohissy,2/3/1964,144-429-8920,90353 Harbort Drive,kclohissyo1@harvard.edu
867,Chastity,Sketcher,9/11/1995,776-813-0905,74105 Sycamore Center,csketchero2@cnn.com
868,Gilberto,Janousek,4/24/1968,491-805-3641,0 Walton Court,gjanouseko3@oracle.com
869,Geno,Liverseege,9/6/1982,766-816-1101,9 Hoffman Court,gliverseegeo4@blog.com
870,Haslett,Moxson,5/5/1987,231-322-8525,5857 Golf Center,hmoxsono5@epa.gov
871,Milton,Viall,11/9/1965,572-809-2691,5 Bonner Lane,mviallo6@berkeley.edu
872,Patrice,Hebdon,1/21/1958,104-730-5493,8819 Johnson Junction,phebdono7@exblog.jp
873,Demetria,Lemin,11/27/1970,711-435-9865,94 Logan Pass,dlemino8@nsw.gov.au
874,Ailsun,Simmen,2/6/1995,991-165-4191,66078 Carberry Alley,asimmeno9@sakura.ne.jp
875,Hussein,Haitlie,1/23/1979,998-168-3534,4870 Troy Road,hhaitlieoa@pbs.org
876,Margarette,Harryman,7/14/1974,988-392-2508,336 Donald Trail,mharrymanob@weibo.com
877,Jordana,Simons,7/4/1979,280-487-6626,50864 Banding Alley,jsimonsoc@twitter.com
878,Donnie,Paulin,8/31/1967,436-129-9173,6 Heffernan Place,dpaulinod@pen.io
879,Heidi,Niland,12/30/1992,722-653-0987,1 Shelley Place,hnilandoe@answers.com
880,Gianina,Noury,9/20/1988,341-394-6353,810 Eastlawn Lane,gnouryof@163.com
881,Vera,Gelletly,8/25/1995,445-907-0813,82 Pepper Wood Court,vgelletlyog@storify.com
882,Burl,Annes,4/9/1980,374-275-8450,8 Lotheville Terrace,bannesoh@biblegateway.com
883,Margarette,Charity,2/7/1974,290-343-6720,8672 Nevada Road,mcharityoi@opera.com
884,Guthrie,Davies,11/23/1958,816-466-1738,1639 Kensington Place,gdaviesoj@tmall.com
885,Griswold,MacRury,7/20/1977,447-683-0692,8 Scoville Point,gmacruryok@reddit.com
886,Paolina,Fenix,6/28/1970,949-656-2495,68579 Lien Crossing,pfenixol@wordpress.org
887,Zabrina,Ringer,3/9/1970,281-219-8296,64 High Crossing Avenue,zringerom@gov.uk
888,Morie,Redhills,6/8/1994,276-455-9490,29 Killdeer Avenue,mredhillson@independent.co.uk
889,Wayne,Millership,4/16/2000,951-891-5156,0799 Briar Crest Terrace,wmillershipoo@ehow.com
890,Amitie,Keeling,3/22/1962,505-571-3563,49 Linden Place,akeelingop@mapquest.com
891,Gerda,Sheward,4/8/1990,764-795-6804,11 Ryan Parkway,gshewardoq@businessinsider.com
892,Sarina,Blaxland,6/25/1983,152-495-5838,71843 Sauthoff Pass,sblaxlandor@pen.io
893,Garry,Gulston,4/28/1981,151-810-9675,0660 Lunder Place,ggulstonos@uol.com.br
894,Katheryn,Whitehorn,2/28/1981,424-564-7592,492 Manitowish Road,kwhitehornot@oakley.com
895,Xylina,Belverstone,4/5/1976,585-403-7863,7134 Moland Center,xbelverstoneou@oakley.com
896,Rube,Grace,12/13/1999,769-567-8336,53 Eagan Plaza,rgraceov@naver.com
897,Astrid,Corck,12/25/1957,439-257-0758,35 Lakeland Parkway,acorckow@webnode.com
898,Selinda,Bynert,7/9/1963,715-841-6457,0129 Homewood Road,sbynertox@ft.com
899,Quintus,Hauxby,6/16/1958,371-896-8613,8 Beilfuss Parkway,qhauxbyoy@devhub.com
900,Felecia,Slafford,11/8/1991,714-416-0754,1 Russell Trail,fslaffordoz@huffingtonpost.com
901,Margot,Donhardt,10/18/1991,135-730-5050,1 Lien Hill,mdonhardtp0@canalblog.com
902,Fee,Spavins,12/15/1992,357-630-1076,17686 Gale Park,fspavinsp1@forbes.com
903,Constancy,Ferreras,7/26/1954,876-279-4797,58489 Vidon Hill,cferrerasp2@xinhuanet.com
904,Ambrosi,O'Reilly,7/12/1974,255-996-3329,08384 Eggendart Crossing,aoreillyp3@china.com.cn
905,Katie,Feltoe,4/16/1990,188-312-8812,86 Loftsgordon Road,kfeltoep4@opensource.org
906,Ariela,Deuss,5/20/1972,540-594-6801,748 Harbort Circle,adeussp5@yahoo.com
907,Vanny,Kenwell,1/15/1982,614-467-6822,510 Namekagon Junction,vkenwellp6@paypal.com
908,Mellisent,Guarin,5/18/1974,907-241-2979,1857 Merrick Terrace,mguarinp7@ifeng.com
909,Calley,Fairley,5/8/1981,197-620-9865,4559 Eastwood Way,cfairleyp8@nyu.edu
910,Say,Woolpert,4/25/1967,595-579-7885,24 Helena Place,swoolpertp9@wordpress.org
911,Veronike,Osgood,9/12/1954,437-306-1753,18 Charing Cross Court,vosgoodpa@vinaora.com
912,Louisette,Steely,4/17/1962,321-957-5921,41749 Kensington Terrace,lsteelypb@qq.com
913,Michelle,Leat,5/21/1983,411-699-5699,1 Doe Crossing Park,mleatpc@sohu.com
914,Sig,Gallelli,11/28/1993,385-799-0221,83689 Sunbrook Plaza,sgallellipd@studiopress.com
915,Giana,Jodkowski,11/16/1998,794-124-7438,243 Emmet Lane,gjodkowskipe@nature.com
916,Stearne,Roseman,2/10/1952,689-734-3053,47752 Kropf Street,srosemanpf@mapy.cz
917,Penny,Berni,9/19/1984,696-124-7415,51006 Prairieview Center,pbernipg@i2i.jp
918,Verge,Blanchflower,10/27/1950,950-537-1558,2 Garrison Hill,vblanchflowerph@sphinn.com
919,Honey,Hazeltine,7/31/1965,698-272-6622,47846 Esch Street,hhazeltinepi@examiner.com
920,Vita,Fenimore,5/20/1953,391-204-2236,11918 Milwaukee Hill,vfenimorepj@ihg.com
921,Andie,Nanelli,5/4/1969,493-452-9690,52528 Duke Hill,ananellipk@ucoz.ru
922,Romola,Embleton,6/1/1999,225-875-4156,7 Glendale Terrace,rembletonpl@ft.com
923,Trista,Barby,3/21/1972,444-735-5090,646 Magdeline Trail,tbarbypm@hatena.ne.jp
924,Obed,Vance,8/25/1989,880-205-9024,2422 Artisan Circle,ovancepn@businesswire.com
925,Roanna,Ibberson,11/5/1957,357-938-3322,71 Buena Vista Center,ribbersonpo@trellian.com
926,Gustaf,Crews,1/29/1955,388-626-7216,955 Village Park,gcrewspp@jigsy.com
927,Elga,Moorton,4/4/1992,975-827-9686,902 Hauk Circle,emoortonpq@mlb.com
928,Lemmy,Ary,9/3/1963,171-588-9202,7 Corscot Drive,larypr@google.ca
929,Leonore,Kleinerman,4/27/1969,583-930-1724,456 Starling Parkway,lkleinermanps@ovh.net
930,Gene,Mattersley,10/26/1984,158-182-5626,199 Kensington Place,gmattersleypt@liveinternet.ru
931,Mohandis,Coxhell,4/7/1961,157-407-2379,3987 Kim Crossing,mcoxhellpu@forbes.com
932,Tressa,Lathleiffure,5/3/1969,439-613-0682,769 Ruskin Junction,tlathleiffurepv@dailymotion.com
933,Saloma,Abramamov,6/9/1984,966-963-9017,89 Killdeer Center,sabramamovpw@de.vu
934,Jaquelin,Pennacci,1/11/1987,923-425-7248,35489 Oakridge Plaza,jpennaccipx@about.me
935,Carlye,Hugland,2/12/1989,245-373-3101,35 Talmadge Pass,chuglandpy@taobao.com
936,Silvester,Ferbrache,11/16/1975,600-553-8296,2135 American Ash Park,sferbrachepz@reuters.com
937,Fanya,Sommerly,3/29/1989,966-182-1045,11 Eggendart Street,fsommerlyq0@about.me
938,Phillis,Loftie,10/1/1971,849-424-2192,341 Pierstorff Place,ploftieq1@wordpress.com
939,Jud,Keigher,1/18/1990,992-581-9778,8120 Sycamore Crossing,jkeigherq2@microsoft.com
940,Zollie,Zarb,2/12/1981,499-921-2960,3713 Scofield Plaza,zzarbq3@theatlantic.com
941,Maxwell,Nuttey,3/9/1998,209-317-4218,995 Anniversary Circle,mnutteyq4@gov.uk
942,Urbano,Tomicki,2/4/1998,163-540-0784,1 Roxbury Hill,utomickiq5@mozilla.org
943,Marcy,McCulley,1/16/1994,980-567-4078,126 Marcy Hill,mmcculleyq6@hp.com
944,Morissa,Fullagar,12/12/1997,280-769-1387,38 Thierer Drive,mfullagarq7@typepad.com
945,Guntar,MacGorrie,9/1/1954,757-977-0003,944 1st Plaza,gmacgorrieq8@gizmodo.com
946,Josepha,Plackstone,11/20/1981,480-319-0364,7992 Park Meadow Parkway,jplackstoneq9@furl.net
947,Shea,Sparhawk,7/22/1988,611-485-8715,29422 Sheridan Drive,ssparhawkqa@123-reg.co.uk
948,Britte,Dussy,7/12/1951,458-749-3042,0565 Delladonna Trail,bdussyqb@mac.com
949,Martie,Stailey,1/5/1982,685-515-6736,2701 Northfield Circle,mstaileyqc@cnbc.com
950,Trumaine,Kemshell,6/20/1997,346-782-3495,7615 Clarendon Park,tkemshellqd@jiathis.com
951,Marijo,Zealy,11/24/1973,291-459-8120,275 Huxley Center,mzealyqe@flickr.com
952,Caryn,Grigoire,11/23/1991,399-142-6139,6 Mccormick Avenue,cgrigoireqf@youtube.com
953,Evangelin,Rubinow,6/2/1984,987-190-1830,9809 2nd Center,erubinowqg@nationalgeographic.com
954,Rafaello,Titmus,8/13/1952,941-910-4645,25 Cherokee Parkway,rtitmusqh@angelfire.com
955,Inness,Pozzo,4/6/1990,903-195-0125,74583 Ohio Parkway,ipozzoqi@reddit.com
956,Korney,Hasker,8/23/1969,646-786-0520,1148 Stuart Terrace,khaskerqj@opensource.org
957,Webb,Yele,8/15/1996,679-222-0199,295 Montana Circle,wyeleqk@whitehouse.gov
958,Leanor,Brentnall,2/8/1997,464-683-5938,079 Southridge Lane,lbrentnallql@nifty.com
959,Meara,Crippill,11/15/1993,342-406-5725,2931 Hazelcrest Circle,mcrippillqm@eepurl.com
960,Armand,Bryden,3/20/1970,281-291-9329,996 Ramsey Circle,abrydenqn@chicagotribune.com
961,Gerick,Cutchie,6/3/1985,615-786-6861,65 Melvin Terrace,gcutchieqo@nature.com
962,Farrand,Manthroppe,5/30/1986,867-716-7743,3 Dwight Drive,fmanthroppeqp@bravesites.com
963,Edwin,Loftus,10/11/1979,727-658-1399,72 Acker Lane,eloftusqq@netlog.com
964,Shelden,Harpin,11/2/1957,233-400-9567,86 Holy Cross Alley,sharpinqr@youtu.be
965,Beret,Castellino,10/1/1985,238-819-3533,27 Debs Circle,bcastellinoqs@opensource.org
966,Corbie,Duffield,9/23/1999,241-173-6256,70 Buhler Center,cduffieldqt@psu.edu
967,Rolland,Dible,12/29/1958,534-392-8589,14 Wayridge Street,rdiblequ@rakuten.co.jp
968,Conn,Melbourn,11/14/1979,680-598-1402,8884 Maywood Lane,cmelbournqv@livejournal.com
969,Tyson,Holbury,9/16/1976,429-536-4312,03923 Mifflin Plaza,tholburyqw@delicious.com
970,Elwira,Flockhart,7/20/1958,173-916-6236,6241 New Castle Pass,eflockhartqx@privacy.gov.au
971,Terry,Richardt,7/13/1956,916-302-7049,642 Mosinee Drive,trichardtqy@umn.edu
972,Tammy,McLaine,1/25/1982,217-110-7848,4 Iowa Way,tmclaineqz@weibo.com
973,Phelia,Caistor,7/30/1990,975-544-1444,6624 Valley Edge Alley,pcaistorr0@ocn.ne.jp
974,Francklin,Reese,11/14/1953,786-321-4600,75 Leroy Crossing,freeser1@xinhuanet.com
975,Alard,Huttley,7/2/1955,797-807-8457,763 Emmet Street,ahuttleyr2@shutterfly.com
976,Cicely,Barents,12/12/1984,406-219-8395,17 Texas Plaza,cbarentsr3@reuters.com
977,Penny,Roslen,10/1/1977,176-228-6661,40 Montana Circle,proslenr4@ocn.ne.jp
978,Shandra,Tomlins,7/21/1961,500-617-0940,6673 Graedel Place,stomlinsr5@google.com.br
979,Sarene,Duesberry,3/31/1955,550-632-5464,3444 Monica Park,sduesberryr6@dedecms.com
980,Tisha,Hagstone,4/8/1992,764-600-1390,36 Algoma Hill,thagstoner7@fastcompany.com
981,Frances,Allston,6/16/1997,209-398-8936,8 Dawn Crossing,fallstonr8@about.com
982,Serge,Gainseford,12/5/1954,774-858-0062,33629 Lerdahl Crossing,sgainsefordr9@salon.com
983,Che,Baddow,3/3/1987,547-984-4717,8 Roxbury Pass,cbaddowra@fastcompany.com
984,Buddie,Bordiss,3/13/1980,614-243-9484,93853 Homewood Hill,bbordissrb@tinyurl.com
985,Ricca,Nyssens,1/11/1961,649-494-7024,3572 Jenna Crossing,rnyssensrc@constantcontact.com
986,Suzanne,Bulfit,11/2/1971,608-426-2055,4140 Swallow Place,sbulfitrd@ucoz.com
987,Margie,Morville,8/6/1973,914-149-7273,95 Springs Plaza,mmorvillere@github.com
988,Lesley,Sorrel,8/15/1991,845-671-0314,686 Kinsman Way,lsorrelrf@gravatar.com
989,Jessalin,Yacobsohn,6/1/1959,946-583-2004,90 Sunbrook Street,jyacobsohnrg@bloomberg.com
990,Lesli,Callaway,5/27/1977,825-584-5133,1 Cardinal Point,lcallawayrh@gov.uk
991,Henderson,Olford,4/2/1983,574-113-0764,8 Crownhardt Trail,holfordri@cam.ac.uk
992,Madelaine,Franciotti,11/29/1975,470-312-2469,6907 Burning Wood Terrace,mfranciottirj@aboutads.info
993,Kathlin,Courteney,4/30/1973,749-625-8961,01 Manitowish Hill,kcourteneyrk@constantcontact.com
994,Byrle,Pandie,1/25/1955,686-183-7990,591 David Road,bpandierl@oakley.com
995,Fredrika,Vearncomb,8/29/1951,245-743-6446,04327 Nova Center,fvearncombrm@constantcontact.com
996,Anatole,Elgram,4/19/1957,547-399-7559,9235 Little Fleur Court,aelgramrn@mozilla.com
997,Ella,Rawll,8/1/1987,560-766-9918,219 Nelson Park,erawllro@ibm.com
998,Patton,Rosterne,3/14/1999,860-920-4119,22811 Monica Alley,prosternerp@163.com
999,Sanderson,MacKibbon,5/29/1982,433-707-5276,12 Fuller Park,smackibbonrq@scientificamerican.com
1000,Sharona,Hedderly,3/14/1953,283-240-6758,1 Fieldstone Avenue,shedderlyrr@trellian.com
