agent_id,agent_nom,agent_prenom,agent_telephone,agent_mail,agent_date_embauche
1,Zola,Langabeer,835-326-8882,zlangabeer0@infoseek.co.jp,9/2/2017
2,Marin,Maas,964-495-6942,mmaas1@businessweek.com,5/1/2020
3,Freddie,Stichel,901-547-4806,fstichel2@tinyurl.com,12/14/2020
4,Dona,Hasslocher,301-504-5377,dhasslocher3@artisteer.com,5/17/2020
5,Cinderella,Thackham,791-275-0870,cthackham4@paypal.com,1/5/2021
6,Ashley,Fairholme,661-952-0376,afairholme5@moonfruit.com,8/5/2021
7,Esma,Ottiwill,535-988-3403,eottiwill6@imdb.com,8/7/2016
8,Rosaleen,Guitel,479-780-0520,rguitel7@creativecommons.org,5/20/2020
9,Rodd,Praton,875-954-8013,rpraton8@constantcontact.com,7/27/2015
10,Grayce,Kirman,321-878-0626,gkirman9@tripod.com,4/9/2020
11,Gerry,Causley,408-334-5525,gcausleya@soundcloud.com,8/10/2020
12,Alastair,Bellringer,773-240-4358,abellringerb@microsoft.com,2/23/2017
13,Guy,Dunkinson,624-417-5370,gdunkinsonc@ask.com,8/12/2018
14,Jyoti,Joseland,782-512-2475,jjoselandd@i2i.jp,6/23/2015
15,Gilbertina,de Mullett,231-758-5899,gdemullette@digg.com,11/16/2016
16,Gannon,McInerney,846-883-5305,gmcinerneyf@weather.com,6/16/2020
17,Bertine,Chark,263-958-0726,bcharkg@redcross.org,10/24/2016
18,Nathaniel,Gulleford,563-487-2337,ngullefordh@furl.net,5/31/2016
19,Florina,Pentlow,943-383-2906,fpentlowi@yandex.ru,5/7/2020
20,Wallace,Bearne,655-752-5753,wbearnej@multiply.com,4/27/2017
21,Bradford,Jeskin,432-461-7352,bjeskink@tumblr.com,1/3/2019
22,Jenifer,Armin,163-706-7821,jarminl@cdbaby.com,6/10/2021
23,Maryanne,Gatrell,332-855-7808,mgatrellm@addthis.com,6/2/2019
24,Barrie,Russon,903-722-3192,brussonn@goo.gl,6/9/2021
25,Maressa,Hayers,585-615-0479,mhayerso@plala.or.jp,2/6/2022
26,Claudina,Biasotti,283-266-2416,cbiasottip@seesaa.net,12/1/2021
27,Flss,Ingraham,948-370-0697,fingrahamq@globo.com,3/7/2020
28,Zebulen,Farmer,716-438-8717,zfarmerr@imdb.com,3/30/2020
29,Cyndi,Adanet,839-981-2995,cadanets@bbc.co.uk,5/9/2015
30,Corrina,Randal,155-827-8795,crandalt@prweb.com,12/13/2021
31,Jenica,Manvell,611-805-2833,jmanvellu@army.mil,4/21/2021
32,Dylan,Blain,466-291-2408,dblainv@howstuffworks.com,11/28/2017
33,Tricia,Sabbin,794-958-7841,tsabbinw@intel.com,7/28/2019
34,Cariotta,Burdoun,290-722-7506,cburdounx@icio.us,2/15/2016
35,Margalit,O'Cahsedy,766-781-6990,mocahsedyy@nature.com,9/22/2015
36,Sara,Handes,491-286-0451,shandesz@tiny.cc,1/19/2016
37,Mirella,Alabone,304-204-6711,malabone10@phpbb.com,1/30/2020
38,Nikki,Bush,240-297-3930,nbush11@seesaa.net,3/17/2018
39,Arvin,Dannell,954-574-9945,adannell12@cargocollective.com,12/12/2021
40,Kora,Nias,387-398-2145,knias13@mail.ru,12/7/2015
41,Kimmy,Mapledoram,409-920-8961,kmapledoram14@ucla.edu,7/29/2017
42,Dwayne,Melior,265-896-0822,dmelior15@ted.com,12/9/2021
43,Almeda,Ramble,992-171-5976,aramble16@vistaprint.com,4/24/2021
44,Claudell,Timoney,257-841-0524,ctimoney17@va.gov,2/8/2017
45,Gael,Sheber,553-207-9018,gsheber18@icio.us,12/27/2021
46,Claretta,Edmonstone,685-204-2832,cedmonstone19@booking.com,5/20/2019
47,Hermie,Puncher,691-234-0393,hpuncher1a@stumbleupon.com,6/13/2020
48,Romonda,Crother,317-521-2242,rcrother1b@nhs.uk,4/21/2017
49,Hamlen,Pointing,455-732-7794,hpointing1c@vkontakte.ru,4/3/2019
50,Konstance,McKew,349-698-8554,kmckew1d@dailymotion.com,4/14/2016
51,Pall,Cabena,188-508-6925,pcabena1e@ezinearticles.com,2/7/2016
52,Bonni,Daine,937-687-6486,bdaine1f@sogou.com,4/30/2015
53,Vallie,Kreutzer,743-601-6208,vkreutzer1g@wsj.com,4/17/2021
54,Manda,Kirsch,146-732-5906,mkirsch1h@harvard.edu,11/23/2019
55,Moise,Margeram,392-676-5540,mmargeram1i@uol.com.br,5/28/2021
56,Malory,Reinard,668-122-2956,mreinard1j@merriam-webster.com,1/8/2020
57,Paola,Danihelka,441-377-5897,pdanihelka1k@amazonaws.com,1/17/2020
58,Alia,Gloyens,215-436-0094,agloyens1l@amazon.de,10/18/2017
59,Gusella,Walder,475-987-6750,gwalder1m@google.fr,3/24/2019
60,Rae,Coxhell,258-185-1734,rcoxhell1n@epa.gov,4/16/2018
61,Fredek,Piccard,664-338-5526,fpiccard1o@blogs.com,5/15/2021
62,Athene,Schulke,210-365-9016,aschulke1p@hatena.ne.jp,6/24/2018
63,Alaric,Oakwood,453-888-5555,aoakwood1q@upenn.edu,2/16/2017
64,Sonnnie,Sarten,860-703-9005,ssarten1r@google.it,7/9/2017
65,Chelsae,Ballantyne,672-772-9684,cballantyne1s@odnoklassniki.ru,8/20/2019
66,Pip,Tillard,756-430-7349,ptillard1t@shinystat.com,9/24/2019
67,Nevil,Tungay,178-416-0967,ntungay1u@hud.gov,10/6/2019
68,Isidoro,Adair,113-605-1672,iadair1v@comsenz.com,3/17/2018
69,Thia,Lazonby,470-658-8533,tlazonby1w@artisteer.com,1/23/2021
70,Reed,Jachimczak,548-647-7881,rjachimczak1x@ehow.com,9/19/2017
71,Sherwin,Gaine,894-630-5501,sgaine1y@bbc.co.uk,10/6/2019
72,Page,Haburne,701-146-7575,phaburne1z@fda.gov,2/4/2019
73,Dorian,Baszkiewicz,754-319-3147,dbaszkiewicz20@mozilla.org,1/27/2016
74,Bab,Georgiev,221-371-7419,bgeorgiev21@goo.gl,5/6/2017
75,Lodovico,Cattel,220-430-1292,lcattel22@eepurl.com,9/19/2016
76,Marice,Dovidian,876-675-0508,mdovidian23@drupal.org,7/16/2016
77,Alis,Borgne,335-780-2916,aborgne24@arizona.edu,3/30/2016
78,Millie,Hexham,623-258-8340,mhexham25@marketwatch.com,11/30/2016
79,Anne,Lasty,258-790-2298,alasty26@youtube.com,3/19/2016
80,Kata,Scutching,880-693-0507,kscutching27@dailymotion.com,5/11/2019
81,Jennee,Goodband,610-713-3123,jgoodband28@wikispaces.com,1/20/2020
82,Ann-marie,Gulley,376-412-0166,agulley29@dot.gov,10/24/2020
83,Maddie,Deboo,339-889-6523,mdeboo2a@upenn.edu,2/14/2017
84,Clerc,Rossander,364-609-1546,crossander2b@barnesandnoble.com,5/20/2016
85,Dannel,Kleewein,471-964-6163,dkleewein2c@kickstarter.com,12/12/2015
86,Lonnie,Medcraft,240-777-9072,lmedcraft2d@chron.com,6/3/2021
87,Sanford,Simonel,699-868-5577,ssimonel2e@dot.gov,10/5/2021
88,Clemmy,McKeller,654-313-5343,cmckeller2f@soup.io,9/5/2018
89,Kin,Martinson,609-669-7416,kmartinson2g@gnu.org,3/11/2021
90,Isa,Thys,845-554-3966,ithys2h@chicagotribune.com,5/12/2016
91,Swen,Conrath,586-647-5348,sconrath2i@imageshack.us,1/15/2020
92,Hesther,Scandwright,646-555-5626,hscandwright2j@trellian.com,4/13/2021
93,Deina,Bigby,356-132-0939,dbigby2k@slashdot.org,1/6/2018
94,Hamish,Vogele,399-156-8601,hvogele2l@icio.us,12/5/2018
95,Omar,Tanzig,260-758-2848,otanzig2m@bandcamp.com,7/21/2016
96,Ardis,Babonau,885-104-3597,ababonau2n@github.io,5/16/2015
97,Maurie,Chevins,158-870-9102,mchevins2o@dot.gov,7/2/2019
98,Aubree,Bickerstasse,561-455-7989,abickerstasse2p@vk.com,1/3/2021
99,Ansley,MacCart,141-965-4056,amaccart2q@angelfire.com,12/4/2020
100,Alanah,Matissoff,984-398-3155,amatissoff2r@arizona.edu,1/26/2021
101,Robb,Jervoise,347-870-0833,rjervoise2s@gov.uk,4/23/2018
102,Brett,Squibe,285-608-7584,bsquibe2t@miibeian.gov.cn,7/24/2015
103,Lesly,Dawe,717-216-5556,ldawe2u@sun.com,8/12/2019
104,Myrtle,McArd,788-300-9925,mmcard2v@ameblo.jp,11/2/2018
105,Penelopa,Orfeur,408-467-2881,porfeur2w@princeton.edu,10/27/2019
106,Timmi,Harnett,554-844-8453,tharnett2x@usa.gov,6/10/2021
107,Cesare,Gainor,477-761-9196,cgainor2y@reference.com,3/14/2021
108,Rozele,Goade,116-168-3771,rgoade2z@lulu.com,12/25/2021
109,Alicea,Dowson,139-515-3554,adowson30@creativecommons.org,8/15/2015
110,Sydelle,Killen,363-414-9158,skillen31@discuz.net,8/17/2018
111,Willi,Churn,436-687-0146,wchurn32@time.com,3/1/2021
112,Sal,von Grollmann,950-715-8185,svongrollmann33@google.fr,4/22/2022
113,Editha,Ivankin,430-824-4650,eivankin34@mapy.cz,9/17/2016
114,Elyse,Bruford,646-379-9792,ebruford35@theatlantic.com,1/26/2017
115,Roman,Kenryd,396-657-3301,rkenryd36@woothemes.com,3/4/2017
116,Michel,Morrad,650-963-5260,mmorrad37@acquirethisname.com,12/30/2016
117,Miles,Tomala,662-802-9851,mtomala38@cisco.com,3/19/2022
118,Gertrudis,Caldow,827-996-7681,gcaldow39@sina.com.cn,2/14/2021
119,Derril,Rodgerson,488-104-7183,drodgerson3a@hugedomains.com,1/31/2017
120,Rianon,Yegorshin,792-541-2310,ryegorshin3b@booking.com,6/24/2021
121,Stuart,Tarpey,202-498-1614,starpey3c@meetup.com,6/10/2017
122,Garrot,Rembrant,592-962-4858,grembrant3d@wikispaces.com,1/22/2019
123,Rocky,Curston,105-409-5159,rcurston3e@over-blog.com,5/3/2021
124,Reider,Nesbitt,455-347-0005,rnesbitt3f@soundcloud.com,9/27/2020
125,Viola,Rawkesby,725-192-2935,vrawkesby3g@nationalgeographic.com,1/29/2017
126,Arabela,Lightning,341-606-5264,alightning3h@drupal.org,11/14/2020
127,Royce,Dodshon,406-438-7827,rdodshon3i@businessweek.com,5/31/2018
128,Dyane,Beauvais,621-296-4999,dbeauvais3j@alexa.com,11/4/2020
129,Philly,Elmar,586-578-3028,pelmar3k@slashdot.org,1/22/2016
130,Sibylla,Noore,430-833-8558,snoore3l@intel.com,8/3/2020
131,Riordan,Maidstone,779-225-3525,rmaidstone3m@wikia.com,4/2/2019
132,Zaneta,Disman,537-906-0063,zdisman3n@github.io,10/18/2019
133,Alisa,Cowap,527-210-3190,acowap3o@china.com.cn,6/26/2018
134,Flynn,Lenz,844-432-6585,flenz3p@salon.com,9/15/2015
135,Kristine,Argo,908-606-3504,kargo3q@free.fr,9/5/2016
136,Benn,Bastistini,328-654-6998,bbastistini3r@cbc.ca,9/29/2016
137,Packston,Philippart,133-519-9759,pphilippart3s@typepad.com,5/14/2018
138,Abdel,Witherop,892-328-2049,awitherop3t@bigcartel.com,11/20/2017
139,Janka,Fison,812-351-9396,jfison3u@gizmodo.com,4/20/2021
140,Ly,Tonepohl,317-369-2774,ltonepohl3v@cam.ac.uk,9/8/2016
141,Rowe,Durward,968-130-1913,rdurward3w@fema.gov,1/22/2018
142,Margit,Mettetal,162-661-9194,mmettetal3x@cornell.edu,2/15/2022
143,Dorolice,Titcomb,775-509-5388,dtitcomb3y@tmall.com,10/6/2017
144,Ami,Sangwine,203-315-6865,asangwine3z@bbc.co.uk,2/11/2018
145,Gwenni,Tanguy,977-665-0265,gtanguy40@sogou.com,9/1/2021
146,Lindsay,Gonzales,582-139-3072,lgonzales41@eepurl.com,2/14/2016
147,Rorie,Olyfat,579-432-2857,rolyfat42@usnews.com,6/10/2017
148,Fredi,Roney,738-521-1671,froney43@imgur.com,9/27/2015
149,Ursulina,Primo,640-755-4196,uprimo44@jimdo.com,7/29/2016
150,Mathilda,Unitt,336-888-6855,munitt45@g.co,1/6/2021
151,Regine,Naylor,647-577-7488,rnaylor46@google.com.au,9/8/2016
152,Gavrielle,Cramphorn,579-509-0321,gcramphorn47@house.gov,4/2/2018
153,De,Chastagnier,601-107-6821,dchastagnier48@gravatar.com,10/2/2020
154,Nowell,Room,221-862-0211,nroom49@telegraph.co.uk,2/20/2020
155,Ingra,Luter,700-779-1170,iluter4a@sitemeter.com,10/13/2016
156,Boniface,Malim,161-816-7887,bmalim4b@webs.com,7/25/2021
157,Sergei,Youle,996-664-2662,syoule4c@time.com,10/2/2015
158,Allyce,Gainsburgh,555-174-0654,againsburgh4d@blogger.com,1/10/2017
159,Marijo,Backs,862-440-4964,mbacks4e@ucsd.edu,1/15/2021
160,Melinda,Brader,372-865-8744,mbrader4f@chron.com,10/22/2021
161,Nealon,McGrale,495-961-5079,nmcgrale4g@tuttocitta.it,8/20/2015
162,Goldi,Stringman,532-777-7964,gstringman4h@apache.org,12/21/2020
163,Nanine,Gresley,515-899-4199,ngresley4i@yellowbook.com,12/14/2020
164,Athene,Fossitt,116-586-2397,afossitt4j@squarespace.com,1/22/2016
165,Glad,Winsome,474-680-6547,gwinsome4k@hexun.com,1/15/2022
166,Boris,MacCarlich,322-603-2451,bmaccarlich4l@wordpress.org,11/7/2015
167,Pace,Sheed,464-222-3399,psheed4m@phpbb.com,2/3/2017
168,Isak,Moryson,707-164-8385,imoryson4n@sakura.ne.jp,7/7/2020
169,Morgen,Migheli,756-103-4647,mmigheli4o@t-online.de,1/1/2020
170,Kelley,Schiefersten,743-994-7059,kschiefersten4p@vkontakte.ru,9/27/2019
171,Booth,Ringe,800-610-2287,bringe4q@feedburner.com,12/28/2020
172,Sigfrid,Letterese,589-166-6422,sletterese4r@jalbum.net,12/16/2016
173,Jodi,Hadleigh,255-463-2729,jhadleigh4s@eepurl.com,2/18/2022
174,Heidi,Dorran,732-271-7851,hdorran4t@is.gd,6/23/2021
175,Germana,Cabrara,359-863-3403,gcabrara4u@yale.edu,6/8/2018
176,Yevette,Willimott,760-502-1938,ywillimott4v@va.gov,12/30/2016
177,Law,Bullocke,271-549-6363,lbullocke4w@squarespace.com,10/5/2016
178,Caterina,Shevlin,705-972-1201,cshevlin4x@ow.ly,2/8/2021
179,Reeva,Mewes,413-733-8726,rmewes4y@smh.com.au,2/20/2016
180,Hendrik,Graeme,391-763-2830,hgraeme4z@qq.com,2/24/2016
181,Irita,Griston,323-685-8923,igriston50@ft.com,10/15/2018
182,Bride,Cahalin,311-794-5163,bcahalin51@icio.us,4/9/2022
183,Eugen,Ivshin,403-856-9385,eivshin52@cocolog-nifty.com,6/22/2016
184,Geoff,Goodlake,274-238-3167,ggoodlake53@jimdo.com,12/12/2017
185,Meade,Klagges,724-462-0307,mklagges54@facebook.com,1/1/2020
186,Goldie,MacDonnell,415-203-0731,gmacdonnell55@wunderground.com,3/23/2018
187,Brianne,Le Sarr,754-469-7152,blesarr56@shop-pro.jp,9/29/2021
188,Odele,Mogra,798-647-2366,omogra57@icq.com,2/15/2018
189,Roxane,Feaver,649-941-8904,rfeaver58@surveymonkey.com,2/14/2021
190,Gaby,Harly,290-805-1228,gharly59@imgur.com,12/29/2015
191,Reidar,Managh,459-415-0937,rmanagh5a@telegraph.co.uk,7/21/2017
192,Mariel,Finn,930-439-2607,mfinn5b@joomla.org,3/17/2022
193,Crissy,Mell,849-861-9131,cmell5c@taobao.com,11/25/2016
194,Holmes,Bence,179-557-8346,hbence5d@ed.gov,6/7/2017
195,Winni,Fidele,983-317-2577,wfidele5e@dion.ne.jp,2/7/2021
196,Doy,Shevlan,187-695-6609,dshevlan5f@marketwatch.com,6/23/2021
197,Markus,Houlison,609-888-0684,mhoulison5g@walmart.com,5/12/2018
198,Skelly,Sloyan,847-751-5425,ssloyan5h@sina.com.cn,7/15/2021
199,Lib,Erington,392-561-0233,lerington5i@comsenz.com,1/15/2022
200,Kip,D'Aguanno,226-889-1237,kdaguanno5j@columbia.edu,6/7/2018
201,Elisabeth,Orgen,779-288-1786,eorgen5k@hibu.com,8/18/2017
202,Hilarius,Groven,801-987-0498,hgroven5l@accuweather.com,7/12/2016
203,Finn,Thurbon,804-318-8995,fthurbon5m@buzzfeed.com,3/14/2019
204,Remus,McMenamy,788-787-0186,rmcmenamy5n@goodreads.com,6/26/2015
205,Ragnar,Fosberry,516-590-4684,rfosberry5o@prweb.com,12/6/2021
206,Osbourne,Sheaber,870-222-1478,osheaber5p@squidoo.com,4/11/2017
207,Diahann,Maestro,494-109-7508,dmaestro5q@ox.ac.uk,5/3/2017
208,Wylie,Pluck,713-637-1592,wpluck5r@cnn.com,8/2/2018
209,Isobel,Ashpole,267-459-1325,iashpole5s@digg.com,9/20/2019
210,Arnold,Fedorski,108-591-2798,afedorski5t@godaddy.com,10/6/2020
211,Delmar,Schruurs,202-988-1823,dschruurs5u@sohu.com,6/27/2016
212,Windy,Faucett,700-611-7424,wfaucett5v@disqus.com,4/16/2016
213,Darnall,Tewes,608-276-0594,dtewes5w@google.co.uk,6/15/2021
214,Raynell,Coverdill,847-811-4887,rcoverdill5x@vk.com,6/15/2017
215,Haydon,Challicum,248-579-4572,hchallicum5y@kickstarter.com,5/2/2019
216,Marjie,Folcarelli,362-132-6564,mfolcarelli5z@techcrunch.com,9/11/2021
217,Connie,Godehard.sf,922-207-1705,cgodehardsf60@elpais.com,11/29/2017
218,Euell,Richardt,123-656-4272,erichardt61@google.it,9/2/2021
219,Oralie,Kellar,106-514-1484,okellar62@skype.com,6/10/2017
220,Guinna,Gresser,233-554-7502,ggresser63@pinterest.com,3/24/2020
221,Nollie,Sooper,485-609-6517,nsooper64@hp.com,5/22/2018
222,Mackenzie,Sollom,580-925-6020,msollom65@yahoo.com,5/1/2017
223,Genvieve,Senyard,660-122-8069,gsenyard66@wired.com,6/12/2016
224,Jammie,Albion,735-323-4065,jalbion67@senate.gov,1/5/2021
225,Enoch,Wallbanks,294-741-4548,ewallbanks68@dion.ne.jp,4/17/2021
226,Ikey,Elvin,936-320-1774,ielvin69@domainmarket.com,7/29/2016
227,Rod,Dunk,618-705-7810,rdunk6a@people.com.cn,5/17/2015
228,Jeremie,Klement,472-394-8758,jklement6b@woothemes.com,7/31/2016
229,Katherine,Pundy,417-739-6362,kpundy6c@php.net,1/27/2017
230,Kirstin,Sircomb,607-510-8245,ksircomb6d@webnode.com,9/3/2017
231,Olwen,Dawkins,663-542-2440,odawkins6e@prlog.org,9/9/2017
232,Delly,Pybus,790-354-8316,dpybus6f@disqus.com,12/19/2020
233,Adorne,MacLaren,905-757-4318,amaclaren6g@msu.edu,8/4/2015
234,Davidson,Tansley,745-361-8586,dtansley6h@examiner.com,2/25/2019
235,Angie,Stainburn,642-510-1473,astainburn6i@free.fr,9/30/2021
236,Kendrick,O'Mailey,824-373-7846,komailey6j@gov.uk,3/13/2019
237,Shawn,Robyns,819-792-2581,srobyns6k@omniture.com,2/28/2022
238,Rhett,Pebworth,503-289-8959,rpebworth6l@shinystat.com,12/17/2016
239,Joseito,Sarath,972-334-4102,jsarath6m@vinaora.com,5/1/2017
240,Jeanna,Rushton,585-417-7317,jrushton6n@earthlink.net,11/10/2016
241,Zia,Burman,608-840-9913,zburman6o@skyrock.com,4/18/2020
242,Dianna,Gogin,992-996-0098,dgogin6p@abc.net.au,5/4/2018
243,Jo ann,Simcock,584-696-4543,jsimcock6q@ft.com,7/16/2017
244,Weider,Tutchings,913-822-5912,wtutchings6r@newyorker.com,10/20/2020
245,Aeriel,Rosterne,188-234-1121,arosterne6s@istockphoto.com,2/18/2017
246,Karim,Provest,513-222-3156,kprovest6t@parallels.com,2/4/2019
247,James,Cossell,542-715-9479,jcossell6u@disqus.com,1/30/2019
248,Petronille,Baldwin,364-122-1348,pbaldwin6v@themeforest.net,5/3/2021
249,Torrie,Whetson,634-750-8889,twhetson6w@hexun.com,6/17/2016
250,Marian,Powlesland,588-820-4059,mpowlesland6x@forbes.com,4/26/2019
251,Shelli,Heading,807-383-9001,sheading6y@cbslocal.com,3/8/2021
252,Madelina,Stolting,357-648-9170,mstolting6z@mozilla.org,10/18/2018
253,Sholom,Wickwar,199-191-5295,swickwar70@hugedomains.com,8/21/2018
254,Braden,Burnham,308-988-2370,bburnham71@nasa.gov,9/27/2016
255,Ezechiel,Tearny,366-304-3580,etearny72@nytimes.com,6/26/2020
256,Gretel,Ferrao,365-818-2233,gferrao73@nhs.uk,4/27/2019
257,Jessey,Trenaman,159-924-3867,jtrenaman74@princeton.edu,8/31/2019
258,Trueman,Hathway,320-300-8574,thathway75@patch.com,1/3/2019
259,Elnar,Tregenna,468-189-7394,etregenna76@washington.edu,6/5/2016
260,Jewell,Brittin,438-322-1915,jbrittin77@bizjournals.com,6/19/2018
261,Arte,Mackness,421-367-1099,amackness78@youtu.be,1/7/2019
262,Oliviero,Mion,111-434-5076,omion79@sogou.com,3/9/2016
263,Hayward,Hurcombe,153-967-3920,hhurcombe7a@bizjournals.com,1/2/2022
264,Ches,Whorall,411-965-1337,cwhorall7b@earthlink.net,12/6/2021
265,Marylynne,Voysey,717-185-8051,mvoysey7c@goo.ne.jp,5/16/2021
266,Frederico,Kopman,861-203-2583,fkopman7d@wikimedia.org,2/23/2021
267,Gus,Kerner,915-829-1335,gkerner7e@soup.io,9/3/2017
268,Beryl,Giorgio,893-131-0792,bgiorgio7f@geocities.jp,2/19/2019
269,Alta,Wilshere,204-242-4163,awilshere7g@washingtonpost.com,1/23/2017
270,Robers,Fear,484-294-0086,rfear7h@nydailynews.com,1/2/2017
271,Ezmeralda,Andreolli,222-340-2717,eandreolli7i@joomla.org,4/3/2020
272,Hollie,Mervyn,770-556-3876,hmervyn7j@who.int,1/4/2016
273,Tamqrah,Ceillier,545-544-5163,tceillier7k@theglobeandmail.com,6/2/2020
274,Lyndsie,Smyley,353-958-6921,lsmyley7l@hao123.com,7/12/2017
275,Jeramie,Mont,487-142-7868,jmont7m@artisteer.com,9/19/2020
276,Lannie,Wringe,166-888-1836,lwringe7n@yale.edu,8/4/2021
277,Carlos,Colliver,796-778-8949,ccolliver7o@wix.com,9/28/2021
278,Clarabelle,Tregidgo,221-870-7255,ctregidgo7p@technorati.com,12/24/2015
279,Deborah,Lattey,522-867-0820,dlattey7q@alibaba.com,7/18/2016
280,Carmelita,Cobon,744-212-1730,ccobon7r@alibaba.com,8/19/2017
281,Lanny,Pockett,141-434-0700,lpockett7s@reverbnation.com,6/13/2017
282,Haily,Devonside,991-272-1885,hdevonside7t@t-online.de,3/25/2022
283,Garrek,Grass,484-392-2571,ggrass7u@geocities.jp,11/5/2017
284,Adeline,Voelker,218-729-7333,avoelker7v@bigcartel.com,12/21/2017
285,Rochester,Norton,661-145-6803,rnorton7w@people.com.cn,8/28/2016
286,Leodora,Brunskill,106-883-1291,lbrunskill7x@nytimes.com,8/4/2020
287,Christy,Tomasik,268-345-9877,ctomasik7y@freewebs.com,7/22/2020
288,Nanice,Mussard,120-842-4986,nmussard7z@cnbc.com,9/30/2016
289,Danit,Cottam,635-379-1151,dcottam80@deviantart.com,6/2/2018
290,Nellie,Sannes,656-126-0535,nsannes81@google.com.br,4/6/2020
291,Alasteir,Demkowicz,973-208-7959,ademkowicz82@gravatar.com,7/22/2019
292,Elora,Pairpoint,907-329-4250,epairpoint83@zdnet.com,11/2/2016
293,Minda,Crasswell,916-775-6880,mcrasswell84@wsj.com,11/20/2020
294,Leonardo,Robey,970-701-4805,lrobey85@acquirethisname.com,6/21/2020
295,Charmine,Schoffler,395-921-3819,cschoffler86@loc.gov,6/24/2016
296,Archaimbaud,Coope,691-880-7163,acoope87@yellowpages.com,5/16/2020
297,Tania,Walthew,207-857-7707,twalthew88@webnode.com,11/21/2021
298,Brnaba,Officer,707-252-1828,bofficer89@51.la,1/7/2017
299,Antonella,Worviell,912-915-7786,aworviell8a@loc.gov,9/8/2020
300,Glennis,Foux,541-738-8923,gfoux8b@bloglovin.com,2/12/2021
301,Lenore,Assender,537-405-5004,lassender8c@chicagotribune.com,4/26/2016
302,Anselma,Martinovic,315-874-7402,amartinovic8d@home.pl,10/14/2018
303,Ola,Dingate,813-637-6066,odingate8e@vistaprint.com,3/8/2018
304,Hetty,Hull,334-536-3834,hhull8f@cam.ac.uk,10/4/2021
305,Judd,Hofner,578-623-4261,jhofner8g@cnn.com,7/7/2021
306,Daniela,Davidovitch,989-919-0405,ddavidovitch8h@fema.gov,4/1/2019
307,Abran,Ricciardello,560-956-4758,aricciardello8i@miibeian.gov.cn,7/26/2020
308,Emilee,Daborn,557-120-3770,edaborn8j@webmd.com,2/28/2019
309,Lucilia,McElwee,977-765-9890,lmcelwee8k@cdc.gov,8/10/2018
310,Kalila,Skillanders,909-773-9963,kskillanders8l@flavors.me,7/14/2020
311,Shawnee,Mumbeson,843-686-9890,smumbeson8m@devhub.com,3/1/2017
312,Rafaello,Cherry,560-552-0567,rcherry8n@woothemes.com,8/31/2015
313,Cordy,Catterill,506-742-9392,ccatterill8o@spotify.com,1/9/2021
314,Otes,Cadogan,997-386-6214,ocadogan8p@gravatar.com,6/29/2018
315,Pietro,Figin,255-157-2271,pfigin8q@behance.net,3/2/2019
316,Maud,Coke,765-847-6270,mcoke8r@tuttocitta.it,11/12/2020
317,Blair,Connaughton,321-755-0157,bconnaughton8s@wunderground.com,6/21/2019
318,Tirrell,Rigmand,737-373-0333,trigmand8t@so-net.ne.jp,10/16/2016
319,Delilah,Rysdale,163-907-4259,drysdale8u@edublogs.org,1/18/2021
320,Averell,Orcas,976-244-2330,aorcas8v@symantec.com,4/28/2016
321,Duke,Toffano,167-514-2812,dtoffano8w@adobe.com,4/2/2017
322,Fredra,Fireman,317-750-4874,ffireman8x@github.com,10/10/2021
323,Walton,Smoth,422-157-0342,wsmoth8y@reuters.com,6/19/2020
324,Eula,Fossord,643-884-3269,efossord8z@yandex.ru,12/1/2019
325,Nichols,Bellham,819-786-7497,nbellham90@cam.ac.uk,8/9/2015
326,Rayner,Tubbs,663-405-1943,rtubbs91@reverbnation.com,9/19/2020
327,Ermina,Bollini,383-500-2182,ebollini92@clickbank.net,12/4/2019
328,Zara,Ziemke,832-356-2750,zziemke93@cdc.gov,8/15/2017
329,Rourke,Burgett,982-626-1502,rburgett94@youtube.com,2/28/2021
330,Friedrich,Katt,513-522-7877,fkatt95@xrea.com,6/17/2015
331,Ginelle,Lethley,579-114-9153,glethley96@usa.gov,5/11/2021
332,Terence,Fahey,486-139-6403,tfahey97@house.gov,3/27/2022
333,Bay,Grishechkin,761-530-0974,bgrishechkin98@imdb.com,12/20/2017
334,Ibrahim,Payton,374-606-5394,ipayton99@ocn.ne.jp,7/15/2016
335,Corliss,Maxworthy,800-627-6609,cmaxworthy9a@elegantthemes.com,7/28/2020
336,Danyette,Johansson,708-935-7410,djohansson9b@nationalgeographic.com,12/20/2019
337,Mara,Larrett,441-270-1445,mlarrett9c@nsw.gov.au,2/25/2017
338,Alicea,Constance,218-506-3362,aconstance9d@google.co.uk,9/3/2019
339,Virgina,Richardin,668-294-1254,vrichardin9e@liveinternet.ru,9/5/2019
340,Siegfried,Youde,920-342-9843,syoude9f@sfgate.com,7/17/2019
341,Chastity,Sloane,156-961-9068,csloane9g@bloglovin.com,4/23/2018
342,Giuditta,Bazylets,936-326-7111,gbazylets9h@163.com,2/16/2022
343,Darice,Naptine,321-900-0958,dnaptine9i@google.com.hk,8/3/2016
344,Pamela,Worthy,450-195-8081,pworthy9j@dot.gov,10/27/2015
345,Dud,Askie,670-669-1543,daskie9k@webs.com,10/23/2015
346,Marika,Calderon,419-442-1645,mcalderon9l@fotki.com,3/25/2020
347,Peder,Benka,803-255-3219,pbenka9m@ted.com,3/26/2018
348,Guenna,Sentance,174-221-0360,gsentance9n@gravatar.com,12/23/2017
349,Barbara-anne,Caldeiro,226-474-7246,bcaldeiro9o@google.com,11/19/2017
350,Tremain,O'Garmen,560-914-2773,togarmen9p@twitpic.com,7/24/2016
351,Nollie,Monkman,619-795-8412,nmonkman9q@lulu.com,5/13/2019
352,Davine,Welford,476-481-3687,dwelford9r@sfgate.com,2/11/2018
353,Sapphire,Gymblett,873-891-2397,sgymblett9s@squarespace.com,12/1/2018
354,Harrie,Halkyard,104-284-3310,hhalkyard9t@goo.gl,6/3/2016
355,Katya,Baldini,872-846-1265,kbaldini9u@google.fr,6/26/2021
356,Dugald,Sheppey,715-844-7327,dsheppey9v@mediafire.com,8/11/2018
357,Pamella,Chazelle,644-579-4687,pchazelle9w@dedecms.com,10/21/2016
358,Gaby,Schmidt,471-844-7273,gschmidt9x@desdev.cn,5/17/2018
359,Daron,Dobbing,169-465-5009,ddobbing9y@examiner.com,9/9/2021
360,Armand,Kinsley,805-491-2579,akinsley9z@creativecommons.org,4/10/2016
361,Ham,Alleyne,965-593-1861,halleynea0@wp.com,5/24/2017
362,Florette,Jumont,885-461-0085,fjumonta1@bizjournals.com,6/12/2018
363,Dal,Gannicott,832-451-6883,dgannicotta2@kickstarter.com,1/6/2017
364,Lesya,Brave,886-166-1417,lbravea3@timesonline.co.uk,9/25/2020
365,Corinne,Cozens,552-563-6705,ccozensa4@sphinn.com,6/26/2019
366,Holmes,Flavelle,611-339-0277,hflavellea5@homestead.com,12/3/2018
367,Kaitlin,Whifen,960-865-7887,kwhifena6@msn.com,3/5/2019
368,Georgia,Barz,966-895-2065,gbarza7@google.co.jp,11/30/2017
369,Franny,Dallender,611-933-0626,fdallendera8@howstuffworks.com,6/29/2016
370,Meir,Emmert,124-841-3754,memmerta9@liveinternet.ru,7/22/2016
371,Arlie,Blood,397-183-1912,abloodaa@utexas.edu,10/9/2015
372,Dennet,Reeder,321-860-2864,dreederab@fda.gov,1/28/2017
373,Brittan,Elion,271-582-0826,belionac@mit.edu,5/25/2016
374,Dukey,Josefsohn,659-936-4322,djosefsohnad@ebay.co.uk,10/13/2016
375,Kristin,Beart,312-713-3172,kbeartae@yellowbook.com,10/17/2019
376,Ganny,Comiam,817-820-7070,gcomiamaf@seattletimes.com,6/18/2015
377,Bartram,O'Fogerty,135-831-7142,bofogertyag@t.co,6/28/2017
378,Iggy,Haestier,171-378-0977,ihaestierah@cloudflare.com,2/5/2022
379,Bel,Antushev,527-535-1667,bantushevai@smh.com.au,3/5/2022
380,Marji,Joontjes,969-127-1049,mjoontjesaj@wired.com,3/27/2022
381,Palm,Reinert,692-531-3392,preinertak@time.com,8/29/2015
382,Wilbert,Bortolomei,439-437-3042,wbortolomeial@stanford.edu,5/3/2019
383,Leigh,Serris,504-671-9050,lserrisam@ebay.co.uk,8/28/2017
384,Nappie,Lapthorn,467-605-1600,nlapthornan@boston.com,1/8/2019
385,Berkeley,Jantot,246-405-2021,bjantotao@businessweek.com,7/8/2017
386,Neysa,Girton,462-239-8971,ngirtonap@nba.com,7/25/2019
387,Lindi,Swanborrow,281-739-8255,lswanborrowaq@accuweather.com,6/20/2018
388,Dallis,Geelan,906-746-4973,dgeelanar@last.fm,2/9/2021
389,Wilburt,Schwaiger,924-199-0245,wschwaigeras@slashdot.org,3/23/2021
390,Janaye,Casari,662-146-1651,jcasariat@icq.com,7/11/2020
391,Kaela,Thirst,110-605-6600,kthirstau@163.com,2/15/2019
392,Darb,Carrabott,642-755-7561,dcarrabottav@washingtonpost.com,5/12/2018
393,Lorraine,Chucks,772-844-2926,lchucksaw@cloudflare.com,2/12/2019
394,Isiahi,Dutton,310-247-3046,iduttonax@usda.gov,3/22/2019
395,Wilton,Ortler,106-810-8730,wortleray@vimeo.com,1/24/2019
396,Trudey,Whaplington,891-810-3213,twhaplingtonaz@salon.com,12/3/2020
397,Karena,Hallam,841-516-6418,khallamb0@blog.com,5/14/2016
398,Waverley,Liebermann,270-612-0206,wliebermannb1@gnu.org,10/16/2016
399,Timoteo,Prester,130-355-4629,tpresterb2@springer.com,6/3/2020
400,Sherman,Emps,518-550-4685,sempsb3@skype.com,8/7/2018
401,Boycey,Walling,382-683-7813,bwallingb4@fema.gov,5/4/2018
402,Olenolin,Janew,612-213-9404,ojanewb5@stanford.edu,5/10/2018
403,Karney,Jakeman,455-404-2164,kjakemanb6@kickstarter.com,9/16/2021
404,Geoffry,Mercik,335-132-9502,gmercikb7@elpais.com,6/23/2020
405,Reinaldos,Bramer,867-610-9759,rbramerb8@zdnet.com,7/20/2016
406,Warden,Skrines,814-290-1617,wskrinesb9@usatoday.com,8/18/2016
407,Agnella,Plewman,610-853-8743,aplewmanba@miibeian.gov.cn,8/4/2019
408,Hal,Adney,272-985-1377,hadneybb@berkeley.edu,11/13/2018
409,Milton,Rumbelow,117-945-9218,mrumbelowbc@google.com.hk,5/17/2015
410,Stavro,Pietruschka,986-708-9318,spietruschkabd@discuz.net,7/10/2021
411,Bonnee,Towers,748-817-7495,btowersbe@theatlantic.com,11/6/2017
412,Lenette,Soares,154-454-4608,lsoaresbf@moonfruit.com,4/20/2016
413,Emery,Figurski,619-924-7781,efigurskibg@prlog.org,10/27/2018
414,Daphne,Alflatt,864-522-5921,dalflattbh@tripod.com,12/23/2021
415,Sherlock,Toseland,566-717-9289,stoselandbi@t-online.de,5/28/2018
416,Ansell,Geldart,668-946-6556,ageldartbj@moonfruit.com,7/26/2016
417,Cad,Reuss,203-195-9818,creussbk@instagram.com,12/9/2017
418,Gaylor,Castille,116-703-3558,gcastillebl@prlog.org,8/8/2016
419,Rodd,Burnside,335-120-0428,rburnsidebm@opera.com,4/12/2022
420,Jo,Curnucke,629-783-0312,jcurnuckebn@google.com.br,11/3/2018
421,Tresa,Kubista,432-933-9337,tkubistabo@ucla.edu,2/4/2022
422,Nathan,Lackeye,790-421-1692,nlackeyebp@google.com,8/7/2018
423,Philip,Fadden,979-990-7865,pfaddenbq@nationalgeographic.com,12/15/2017
424,Oralee,Salerno,240-782-4161,osalernobr@arizona.edu,7/20/2021
425,Torre,Rival,954-368-2503,trivalbs@sourceforge.net,7/30/2017
426,Roosevelt,Pamphilon,435-677-5919,rpamphilonbt@mayoclinic.com,9/22/2018
427,Dougy,Tunno,621-344-1029,dtunnobu@hao123.com,7/1/2018
428,Hadrian,Aguirre,103-237-0691,haguirrebv@sohu.com,2/5/2018
429,Willi,Farndale,837-692-0119,wfarndalebw@tiny.cc,9/29/2015
430,Karylin,Haestier,188-398-4881,khaestierbx@themeforest.net,11/19/2018
431,Olly,Licciardello,680-928-8321,olicciardelloby@list-manage.com,4/3/2017
432,Padget,Boyan,186-779-5724,pboyanbz@accuweather.com,4/14/2021
433,Beryle,Winterbotham,380-152-9231,bwinterbothamc0@wired.com,2/1/2022
434,Cointon,Giacopello,236-704-6006,cgiacopelloc1@fc2.com,4/14/2018
435,Maurine,Eaddy,350-117-6264,meaddyc2@sogou.com,9/23/2019
436,Lesley,Burfoot,918-829-2867,lburfootc3@bloglines.com,5/16/2016
437,Kristoffer,Zannetti,879-324-7558,kzannettic4@redcross.org,7/20/2017
438,Tyrone,Chafer,528-383-5261,tchaferc5@weebly.com,4/9/2017
439,Gertrude,Pedden,986-393-2304,gpeddenc6@usa.gov,8/31/2020
440,Kirsti,Jorg,369-343-1276,kjorgc7@marketwatch.com,10/21/2017
441,Johan,Levett,796-577-5905,jlevettc8@cbslocal.com,6/8/2020
442,Valaria,Waddam,305-779-0483,vwaddamc9@forbes.com,10/17/2017
443,Paulie,Mauvin,891-214-1458,pmauvinca@addthis.com,10/3/2016
444,Ingaborg,Morphey,644-483-6350,imorpheycb@msn.com,2/21/2020
445,Sam,Tomkinson,440-509-9848,stomkinsoncc@scientificamerican.com,5/18/2018
446,Kathi,Thurgood,872-604-6871,kthurgoodcd@sogou.com,9/10/2018
447,Garnette,Rains,537-211-6669,grainsce@tinyurl.com,9/23/2020
448,Sileas,Niece,194-206-7705,sniececf@chicagotribune.com,2/28/2018
449,Bronson,Eckh,936-155-8623,beckhcg@amazon.de,10/17/2020
450,Killy,Ryhorovich,115-268-9769,kryhorovichch@wordpress.org,10/5/2015
451,Udale,Shrawley,789-446-4761,ushrawleyci@statcounter.com,8/20/2019
452,Joshuah,McLeese,656-882-3167,jmcleesecj@dmoz.org,1/26/2018
453,Garland,Findlay,312-206-6666,gfindlayck@cornell.edu,8/8/2020
454,Conrado,Bartelet,756-590-2131,cbarteletcl@rakuten.co.jp,8/11/2019
455,Jewel,Pleuman,971-460-7377,jpleumancm@nationalgeographic.com,9/24/2016
456,Carlee,Perotti,525-818-3589,cperotticn@washingtonpost.com,1/1/2022
457,Jens,Pimlett,516-828-2665,jpimlettco@4shared.com,4/28/2016
458,Florance,de Mendoza,693-141-9529,fdemendozacp@ft.com,4/29/2019
459,Henrieta,Fassan,547-810-5225,hfassancq@webeden.co.uk,11/1/2018
460,Gertie,Terrell,270-737-8808,gterrellcr@sphinn.com,11/27/2021
461,Lennard,Rhule,570-113-2606,lrhulecs@tinyurl.com,2/27/2022
462,Augustus,Collcutt,210-947-4642,acollcuttct@example.com,9/16/2020
463,Gabriela,Shortland,691-653-8631,gshortlandcu@quantcast.com,1/26/2021
464,Verine,Overshott,805-291-2222,vovershottcv@cargocollective.com,10/16/2021
465,Job,Normadell,272-432-4185,jnormadellcw@mashable.com,6/25/2019
466,Nealon,Piggrem,671-271-7161,npiggremcx@economist.com,4/6/2019
467,Del,Middle,265-573-4655,dmiddlecy@e-recht24.de,6/25/2020
468,Uriel,Killimister,569-641-5233,ukillimistercz@pbs.org,6/12/2017
469,Jordana,Gregol,209-966-8843,jgregold0@cafepress.com,10/9/2020
470,Torrence,Welman,143-533-2551,twelmand1@amazon.co.uk,3/12/2020
471,Wallie,De Angelis,215-547-7815,wdeangelisd2@4shared.com,3/1/2018
472,Heinrick,Frend,616-208-4971,hfrendd3@nature.com,10/17/2019
473,Romain,McEniry,896-655-4556,rmceniryd4@csmonitor.com,9/10/2019
474,Aldin,Foxten,476-421-4441,afoxtend5@instagram.com,8/31/2018
475,Maureene,Yakob,179-598-8067,myakobd6@prlog.org,4/15/2021
476,Dave,Simonetto,307-180-3208,dsimonettod7@deliciousdays.com,5/25/2015
477,Rebeka,Rasmus,842-490-5101,rrasmusd8@devhub.com,7/23/2016
478,Martainn,Wooldridge,111-597-3495,mwooldridged9@vk.com,12/15/2019
479,Lidia,Woodroffe,645-154-4038,lwoodroffeda@yellowbook.com,1/15/2022
480,Jerrilee,Passby,992-984-8756,jpassbydb@bluehost.com,6/8/2019
481,Verne,Purslow,471-892-5081,vpurslowdc@cam.ac.uk,10/17/2015
482,Hirsch,Craythorn,235-648-7408,hcraythorndd@cam.ac.uk,11/15/2021
483,Nichole,Splevins,281-140-6273,nsplevinsde@last.fm,3/14/2016
484,Marilee,Goodban,707-263-2450,mgoodbandf@washington.edu,9/23/2015
485,Buddy,Lewin,206-841-8982,blewindg@yahoo.com,8/22/2015
486,Prinz,Gilbertson,881-979-0759,pgilbertsondh@berkeley.edu,11/13/2019
487,Alia,Glasper,390-787-0847,aglasperdi@behance.net,1/9/2017
488,Alexis,Crook,915-753-9845,acrookdj@accuweather.com,8/27/2020
489,Papagena,Dankersley,678-645-4248,pdankersleydk@noaa.gov,8/16/2021
490,Benedicta,Salzburger,255-253-0557,bsalzburgerdl@boston.com,3/24/2016
491,Jarret,Cartmill,797-886-6763,jcartmilldm@usgs.gov,2/16/2021
492,Dusty,Shuxsmith,793-986-6268,dshuxsmithdn@wordpress.org,3/12/2017
493,Arliene,Talloe,287-557-8656,atalloedo@icq.com,10/31/2015
494,Jenn,Sherrard,737-172-5594,jsherrarddp@opensource.org,9/25/2019
495,Stesha,Reame,291-946-6468,sreamedq@cpanel.net,4/9/2022
496,Margery,Boneham,649-907-2489,mbonehamdr@netscape.com,1/15/2018
497,Even,Canacott,740-811-0361,ecanacottds@e-recht24.de,1/27/2019
498,Kinsley,Alessandretti,259-973-8323,kalessandrettidt@un.org,7/31/2020
499,Bethany,Habden,936-877-3171,bhabdendu@infoseek.co.jp,11/14/2019
500,Vaughan,Ivachyov,360-440-8232,vivachyovdv@uiuc.edu,11/14/2017
501,Mohandis,Vanin,325-288-4448,mvanindw@yelp.com,11/12/2015
502,Celka,Barnewille,249-822-8503,cbarnewilledx@smugmug.com,6/30/2019
503,Chlo,Whitewood,537-755-4511,cwhitewooddy@fotki.com,1/24/2016
504,Oliver,Nissle,663-735-8426,onissledz@aboutads.info,3/20/2020
505,Angelina,Gladdifh,788-715-2293,agladdifhe0@de.vu,5/27/2021
506,Karla,Ahrend,317-280-5772,kahrende1@seattletimes.com,10/12/2020
507,Lory,Maffioletti,933-757-3197,lmaffiolettie2@nyu.edu,11/20/2015
508,Julian,Paoletto,491-350-7628,jpaolettoe3@youku.com,2/3/2017
509,Keane,Cosstick,379-870-8383,kcossticke4@time.com,10/23/2018
510,Nerissa,Fallow,988-177-2408,nfallowe5@bbb.org,5/24/2018
511,Artemis,Fowley,447-722-6943,afowleye6@abc.net.au,2/23/2017
512,Ofelia,Maxted,553-616-8613,omaxtede7@rambler.ru,7/17/2020
513,Zabrina,Gowrie,745-758-9981,zgowriee8@census.gov,3/26/2017
514,Priscella,Penney,622-756-2578,ppenneye9@sun.com,9/8/2015
515,Daune,Abramowsky,701-923-3808,dabramowskyea@java.com,10/4/2016
516,Ysabel,Duffrie,590-742-7232,yduffrieeb@desdev.cn,10/17/2020
517,Dorie,Middlebrook,531-285-1649,dmiddlebrookec@forbes.com,3/7/2019
518,Berna,Broggelli,531-262-9750,bbroggellied@nbcnews.com,2/17/2018
519,Nari,Baxandall,305-234-3451,nbaxandallee@nytimes.com,6/6/2020
520,Anselm,Canada,591-510-5808,acanadaef@boston.com,9/6/2015
521,Garrot,Ackery,899-440-7546,gackeryeg@salon.com,9/26/2020
522,Gabrielle,Heberden,706-714-6251,gheberdeneh@nymag.com,9/26/2021
523,Caritta,Firmin,464-341-8312,cfirminei@msu.edu,7/2/2016
524,Desmond,Biasini,917-257-9307,dbiasiniej@taobao.com,9/3/2015
525,Minni,Hauch,408-782-0989,mhauchek@flavors.me,12/10/2017
526,Hendrik,Luc,394-102-0808,hlucel@example.com,9/25/2020
527,Alexis,Thorneley,747-138-0068,athorneleyem@sitemeter.com,4/8/2022
528,Tracie,Tattam,129-764-0375,ttattamen@ebay.co.uk,11/22/2019
529,Audy,Lorens,895-740-7838,alorenseo@alexa.com,11/1/2017
530,Hildagarde,Squibbes,526-185-1339,hsquibbesep@moonfruit.com,5/3/2020
531,Phil,Lochead,732-156-6274,plocheadeq@ucla.edu,4/30/2018
532,Stephanus,Whitta,752-242-0708,swhittaer@flickr.com,9/15/2018
533,Alexia,Armsby,396-798-1523,aarmsbyes@networksolutions.com,5/19/2016
534,Etienne,Domoni,545-541-2674,edomoniet@soundcloud.com,11/14/2015
535,Ker,Kentish,308-566-5746,kkentisheu@so-net.ne.jp,6/10/2021
536,Jeanine,Ferier,492-559-3248,jferierev@twitter.com,9/28/2017
537,Arleen,Jenman,118-906-8676,ajenmanew@twitter.com,10/24/2020
538,Dolph,Brozek,623-842-1541,dbrozekex@shinystat.com,5/16/2018
539,Piotr,Chaloner,483-132-9970,pchalonerey@printfriendly.com,7/24/2017
540,Ronny,Waples,119-909-4811,rwaplesez@over-blog.com,8/9/2016
541,Whitney,Askey,624-542-4223,waskeyf0@yale.edu,10/30/2020
542,Any,Labbati,162-326-5407,alabbatif1@sbwire.com,9/30/2021
543,Shaw,Oswal,747-622-7107,soswalf2@earthlink.net,1/2/2017
544,Kassia,Beamiss,242-976-3904,kbeamissf3@chicagotribune.com,5/19/2018
545,Frazer,Mockes,965-687-2339,fmockesf4@mlb.com,1/28/2016
546,Forster,Tomczykiewicz,685-174-4567,ftomczykiewiczf5@mayoclinic.com,8/4/2019
547,Judah,Capenor,280-523-1172,jcapenorf6@china.com.cn,2/23/2022
548,Fernande,Behnecken,204-601-7435,fbehneckenf7@engadget.com,9/10/2016
549,Kaia,Whitebrook,851-138-1823,kwhitebrookf8@accuweather.com,7/20/2015
550,Tish,Ballinghall,471-952-7739,tballinghallf9@china.com.cn,12/17/2020
551,Caren,Jurgenson,790-560-6774,cjurgensonfa@ustream.tv,10/28/2019
552,Fredric,Cathie,766-437-7269,fcathiefb@netlog.com,6/17/2020
553,Michaella,Mattusov,420-959-5834,mmattusovfc@ning.com,4/2/2018
554,Juieta,Marages,459-454-5931,jmaragesfd@macromedia.com,4/19/2017
555,Manny,Rosenbusch,819-757-8791,mrosenbuschfe@bigcartel.com,7/1/2018
556,Di,Pretorius,489-923-2016,dpretoriusff@infoseek.co.jp,3/29/2018
557,Nikolaus,Ronca,234-799-6048,nroncafg@purevolume.com,10/14/2021
558,Joell,MacDermott,205-468-0884,jmacdermottfh@tinypic.com,7/27/2016
559,Tyne,Katzmann,795-630-7968,tkatzmannfi@sina.com.cn,3/12/2017
560,Ciel,Johns,407-400-1467,cjohnsfj@ebay.com,2/24/2017
561,Kaleb,Mainwaring,601-838-5415,kmainwaringfk@accuweather.com,1/6/2019
562,Berenice,Mournian,405-110-7789,bmournianfl@amazon.co.uk,1/12/2019
563,Melli,Chucks,267-406-3921,mchucksfm@usatoday.com,10/29/2019
564,Farley,Thurlborn,723-573-9299,fthurlbornfn@blogspot.com,5/16/2015
565,Romain,Pardie,343-152-6575,rpardiefo@ibm.com,10/19/2016
566,Blancha,Filchakov,573-293-0367,bfilchakovfp@freewebs.com,1/26/2022
567,Jerry,Yglesias,218-860-3848,jyglesiasfq@businessweek.com,7/17/2019
568,Shaylah,Russo,605-272-4046,srussofr@is.gd,4/13/2018
569,Brook,Marchello,337-945-7051,bmarchellofs@blog.com,3/13/2020
570,Ivory,Dyble,275-502-5751,idybleft@utexas.edu,12/21/2021
571,Donny,McCabe,815-898-9431,dmccabefu@eepurl.com,2/25/2017
572,Virgie,Brosch,544-221-3697,vbroschfv@reddit.com,4/24/2017
573,Berkly,Kording,157-849-9121,bkordingfw@odnoklassniki.ru,6/4/2019
574,Bendick,Akett,783-509-6374,bakettfx@flavors.me,8/13/2018
575,Derby,Wilcott,666-663-4342,dwilcottfy@bigcartel.com,7/6/2016
576,Joe,Lille,746-413-3361,jlillefz@creativecommons.org,2/23/2018
577,Aime,Server,340-605-0957,aserverg0@paginegialle.it,11/19/2017
578,Oliy,Jahnke,510-544-5504,ojahnkeg1@over-blog.com,7/10/2015
579,Janean,Tall,496-949-5709,jtallg2@cbc.ca,8/3/2019
580,Clem,Backler,164-944-4781,cbacklerg3@skyrock.com,11/27/2018
581,Christiano,Paumier,514-899-1369,cpaumierg4@sun.com,4/2/2017
582,Sonya,Dovey,932-122-5112,sdoveyg5@people.com.cn,11/3/2019
583,Dimitri,Harrie,990-828-2659,dharrieg6@loc.gov,4/9/2019
584,Frederica,Pinar,591-603-3089,fpinarg7@google.ca,5/30/2018
585,Kleon,Steffans,890-179-4691,ksteffansg8@tumblr.com,10/9/2015
586,Tybi,Fabri,835-777-7383,tfabrig9@imgur.com,5/7/2020
587,Clerc,Hallward,649-836-0646,challwardga@webmd.com,1/3/2020
588,Dee dee,Dorsett,117-574-8009,ddorsettgb@blogspot.com,3/10/2022
589,Bobinette,Spreckley,549-369-2543,bspreckleygc@icq.com,9/26/2019
590,Ody,Enrietto,177-166-1406,oenriettogd@amazon.com,12/11/2016
591,Giffie,Garms,714-627-0172,ggarmsge@slashdot.org,1/22/2016
592,Kaitlyn,Lober,960-953-8775,klobergf@nifty.com,8/24/2018
593,Loralee,Konrad,295-744-9752,lkonradgg@time.com,9/23/2019
594,Bird,Matczak,274-478-0257,bmatczakgh@foxnews.com,11/9/2021
595,Karleen,Freer,354-816-6181,kfreergi@nbcnews.com,4/11/2019
596,Dorthy,Dopson,770-577-9632,ddopsongj@163.com,7/22/2018
597,Enos,Wimsett,437-261-6514,ewimsettgk@miibeian.gov.cn,4/24/2016
598,Kori,Bysouth,626-868-1219,kbysouthgl@ox.ac.uk,2/5/2017
599,Wally,Duddell,540-584-3108,wduddellgm@jiathis.com,8/30/2017
600,Corny,McMurtyr,300-691-0603,cmcmurtyrgn@ted.com,6/30/2019
601,Blithe,Lingner,318-915-1552,blingnergo@over-blog.com,3/14/2018
602,Hervey,Thing,534-910-3458,hthinggp@usda.gov,2/15/2018
603,Booth,Foulstone,525-674-2965,bfoulstonegq@businessinsider.com,3/28/2020
604,Daren,Barcroft,684-262-9901,dbarcroftgr@opensource.org,9/2/2015
605,Venita,McPhelimey,604-153-3828,vmcphelimeygs@deliciousdays.com,6/13/2020
606,Gabi,Gobell,403-311-8879,ggobellgt@barnesandnoble.com,2/10/2022
607,Patti,Womack,708-691-2078,pwomackgu@wiley.com,7/6/2015
608,Lek,MacKibbon,542-834-1335,lmackibbongv@i2i.jp,3/25/2018
609,Odette,Guillotin,848-231-8706,oguillotingw@google.ca,7/3/2017
610,Vite,Ramel,620-230-9880,vramelgx@wp.com,6/15/2020
611,Amelina,Tungay,536-505-4815,atungaygy@nih.gov,12/24/2017
612,Sharai,Kesper,575-466-1489,skespergz@cpanel.net,10/8/2021
613,Betti,Alldridge,339-424-1519,balldridgeh0@cargocollective.com,10/23/2018
614,Eartha,Najara,708-381-7028,enajarah1@dyndns.org,7/19/2018
615,Ursuline,Petrescu,607-130-5500,upetrescuh2@hexun.com,4/8/2019
616,Teodor,Kennifick,523-120-1558,tkennifickh3@360.cn,11/28/2017
617,Christye,Millbank,479-348-5532,cmillbankh4@marriott.com,8/6/2015
618,Nikolaos,Esilmon,321-705-3467,nesilmonh5@webs.com,10/8/2015
619,Koral,Selcraig,298-580-9409,kselcraigh6@ehow.com,9/3/2019
620,Bryna,Robbey,699-831-4013,brobbeyh7@mlb.com,7/23/2018
621,Ara,Kilshall,794-582-4765,akilshallh8@trellian.com,12/20/2015
622,Helaine,Purrier,799-178-8755,hpurrierh9@cam.ac.uk,12/22/2018
623,Anatola,De Anesy,642-834-8675,adeanesyha@oakley.com,12/21/2019
624,Clair,Owlner,688-618-7592,cowlnerhb@china.com.cn,10/31/2019
625,Mallory,Extill,744-211-8105,mextillhc@mlb.com,7/15/2015
626,Robbie,Mewha,356-915-5917,rmewhahd@home.pl,1/10/2021
627,Humberto,Watsham,266-739-7720,hwatshamhe@weather.com,2/13/2016
628,Celene,Clearley,824-303-4459,cclearleyhf@usda.gov,7/29/2019
629,Rosamund,Grishukov,694-844-7788,rgrishukovhg@fema.gov,10/13/2018
630,Phaedra,Tobias,519-908-8260,ptobiashh@psu.edu,1/23/2018
631,Mose,Cleghorn,846-206-6907,mcleghornhi@dion.ne.jp,6/1/2021
632,Dora,Sahnow,199-199-8656,dsahnowhj@t-online.de,9/16/2018
633,Bertine,Hoodspeth,586-272-2787,bhoodspethhk@eepurl.com,3/6/2020
634,Norbert,Boast,516-366-9408,nboasthl@fastcompany.com,8/14/2015
635,Kingston,Gedling,318-215-0445,kgedlinghm@senate.gov,10/18/2021
636,Jocelyn,Callington,456-948-7053,jcallingtonhn@qq.com,6/3/2016
637,Jori,Vogt,209-244-7130,jvogtho@twitpic.com,12/26/2021
638,Carlen,Eykelhof,328-789-6369,ceykelhofhp@google.fr,1/6/2021
639,Yuri,Boulder,545-843-4667,yboulderhq@livejournal.com,5/30/2017
640,Merwyn,Hartgill,661-839-4731,mhartgillhr@nbcnews.com,9/26/2021
641,Reagen,Macveigh,575-293-0632,rmacveighhs@parallels.com,5/25/2021
642,Jorge,Cartwright,850-635-8924,jcartwrightht@telegraph.co.uk,3/9/2020
643,Arnie,Pantridge,420-920-9230,apantridgehu@moonfruit.com,9/25/2016
644,Lavinia,Kloisner,282-625-9542,lkloisnerhv@themeforest.net,10/13/2019
645,Emeline,Iglesiaz,436-695-5448,eiglesiazhw@reddit.com,10/19/2016
646,Ambros,Budik,865-923-4671,abudikhx@aol.com,9/20/2021
647,Cora,Pevie,584-793-4804,cpeviehy@youtu.be,5/12/2020
648,Traver,Boggers,250-575-5404,tboggershz@china.com.cn,5/19/2017
649,Loralee,Le Floch,817-525-2670,lleflochi0@51.la,12/28/2017
650,Willy,Romans,757-754-9615,wromansi1@mozilla.org,12/8/2017
651,Lana,Corbett,332-474-4752,lcorbetti2@google.ca,10/16/2019
652,Vicki,Gavrieli,434-474-1434,vgavrielii3@mapy.cz,5/1/2020
653,Vyky,Haslegrave,539-584-4428,vhaslegravei4@cornell.edu,5/28/2015
654,Millisent,Barthelemy,418-569-7558,mbarthelemyi5@yahoo.com,4/25/2018
655,Aileen,Binnell,916-513-8238,abinnelli6@gmpg.org,11/30/2018
656,Darn,Binstead,246-319-4770,dbinsteadi7@java.com,5/20/2017
657,Shaylynn,Dodimead,821-147-2368,sdodimeadi8@chicagotribune.com,5/3/2019
658,Loni,Barnson,636-640-8843,lbarnsoni9@springer.com,10/7/2020
659,Domenic,Drakers,652-618-9158,ddrakersia@cbc.ca,2/24/2016
660,Anselma,Hassett,446-115-3226,ahassettib@bravesites.com,5/14/2016
661,Hayley,Iacoboni,859-723-8342,hiacoboniic@spiegel.de,1/31/2019
662,Eli,Joseland,465-596-2522,ejoselandid@tinypic.com,1/31/2021
663,Davidson,Klaggeman,316-963-8491,dklaggemanie@domainmarket.com,10/20/2017
664,Brian,Peverell,860-462-8761,bpeverellif@cisco.com,12/12/2020
665,Nathanil,Bristow,644-650-8391,nbristowig@nbcnews.com,4/14/2016
666,Franzen,Paszak,336-669-2470,fpaszakih@de.vu,7/11/2017
667,Barbette,Renyard,802-708-7067,brenyardii@yale.edu,1/7/2020
668,Kaleb,Stanton,393-139-7071,kstantonij@google.pl,1/3/2022
669,Aldon,Glancy,678-804-3411,aglancyik@vk.com,7/2/2019
670,Corine,Gasticke,297-898-3598,cgastickeil@reference.com,10/27/2020
671,Dela,Perillo,219-618-7513,dperilloim@scribd.com,10/18/2018
672,Marietta,Maynard,955-828-9397,mmaynardin@1688.com,3/5/2017
673,Christiano,Allchin,784-647-8075,callchinio@yolasite.com,6/15/2019
674,Fanni,Vinick,147-850-4713,fvinickip@jigsy.com,9/30/2019
675,Kynthia,Kenny,179-766-5446,kkennyiq@ihg.com,5/29/2018
676,Jed,Horsewood,930-840-6519,jhorsewoodir@de.vu,11/14/2016
677,Cleve,Rilston,225-191-5985,crilstonis@aboutads.info,2/27/2022
678,Mella,Goult,944-683-5941,mgoultit@disqus.com,12/23/2018
679,Bailie,Agiolfinger,970-689-5422,bagiolfingeriu@google.cn,12/16/2020
680,Giulia,Perrington,534-968-0338,gperringtoniv@ameblo.jp,5/29/2016
681,Cozmo,Dorian,857-589-3714,cdorianiw@facebook.com,4/10/2018
682,Sherye,Genney,411-816-7662,sgenneyix@google.ru,4/13/2022
683,Ilse,Stoll,410-773-2204,istolliy@istockphoto.com,11/2/2019
684,Rickert,Ludovico,844-131-0461,rludovicoiz@gizmodo.com,2/17/2022
685,Aileen,Gleave,475-962-1525,agleavej0@indiegogo.com,11/10/2018
686,Ilse,Scardifeild,688-160-1583,iscardifeildj1@google.com.au,8/20/2018
687,Noble,Brunelleschi,714-951-1110,nbrunelleschij2@a8.net,2/22/2018
688,Frankie,Mum,933-177-8678,fmumj3@google.co.jp,3/12/2019
689,Christan,Jakoub,139-793-0214,cjakoubj4@example.com,8/15/2018
690,Etheline,Gimeno,252-784-6321,egimenoj5@wiley.com,4/28/2019
691,Krishnah,Currier,614-404-2430,kcurrierj6@flavors.me,6/8/2015
692,Annabela,Breen,378-548-7358,abreenj7@360.cn,10/22/2020
693,Brandais,Hastwell,982-324-1330,bhastwellj8@addtoany.com,8/11/2019
694,Normy,Presslie,981-130-1584,npressliej9@google.co.jp,1/24/2017
695,Jennine,Stonehouse,561-210-2489,jstonehouseja@posterous.com,2/13/2019
696,Carrie,Panswick,171-574-2185,cpanswickjb@intel.com,8/1/2015
697,Pansy,Francesc,911-351-0832,pfrancescjc@devhub.com,1/7/2022
698,Tremaine,Huriche,573-779-6318,thurichejd@last.fm,1/30/2020
699,Reine,Eringey,858-237-0248,reringeyje@examiner.com,2/4/2020
700,Rick,Edeson,279-437-9121,redesonjf@discuz.net,2/3/2021
701,Lianne,Grimstead,261-115-8769,lgrimsteadjg@trellian.com,10/7/2018
702,Granny,Duiged,100-957-8520,gduigedjh@bigcartel.com,12/28/2020
703,Myron,Gambles,504-549-8051,mgamblesji@irs.gov,5/10/2019
704,Pincas,Mewhirter,229-410-6455,pmewhirterjj@delicious.com,12/28/2018
705,Isiahi,Bramall,448-443-5009,ibramalljk@prweb.com,6/20/2019
706,Nadia,Zealander,800-255-0438,nzealanderjl@icq.com,7/12/2016
707,Ophelia,Trusty,472-158-1851,otrustyjm@w3.org,11/10/2018
708,Hannah,Feaveryear,407-572-7810,hfeaveryearjn@wikipedia.org,10/26/2019
709,Bernadene,Dudhill,411-524-0699,bdudhilljo@wsj.com,12/25/2021
710,Evangelin,Simao,543-759-1308,esimaojp@bbc.co.uk,3/22/2019
711,Gretta,Toffanini,230-967-0504,gtoffaninijq@vk.com,10/2/2015
712,Jaclin,Bowmen,820-738-5943,jbowmenjr@globo.com,12/2/2019
713,Sigfried,Hafner,533-376-3616,shafnerjs@jigsy.com,3/14/2018
714,Carny,Ferne,776-895-9077,cfernejt@narod.ru,5/10/2021
715,Olag,Beharrell,521-952-5626,obeharrellju@chron.com,8/27/2020
716,Wiley,Maciaszczyk,844-819-8748,wmaciaszczykjv@google.de,12/17/2017
717,Veradis,Daniels,477-978-0825,vdanielsjw@bloglines.com,6/13/2021
718,Florina,Romeuf,458-399-4727,fromeufjx@disqus.com,11/29/2016
719,Celinka,Kettlestring,168-644-0692,ckettlestringjy@cocolog-nifty.com,6/5/2015
720,Cynthea,Gotthard.sf,657-609-9400,cgotthardsfjz@va.gov,7/25/2021
721,Norah,Blaze,959-248-8183,nblazek0@mozilla.com,8/4/2015
722,Adolpho,Wyatt,225-200-6333,awyattk1@google.co.uk,11/20/2018
723,Caroline,Carcas,456-659-4543,ccarcask2@hao123.com,8/31/2016
724,Eamon,Cosby,911-952-8501,ecosbyk3@tinypic.com,9/4/2019
725,Val,Truse,367-865-9424,vtrusek4@opera.com,2/28/2022
726,Inna,Eakle,488-186-1532,ieaklek5@drupal.org,1/13/2018
727,Pall,Weld,319-578-6020,pweldk6@sohu.com,8/19/2019
728,Arel,Anselmi,238-489-5895,aanselmik7@theguardian.com,12/16/2018
729,Demetris,Scuse,302-807-1898,dscusek8@barnesandnoble.com,4/23/2017
730,Kati,Begin,516-580-7159,kbegink9@goo.gl,10/3/2020
731,Jacenta,Capaldi,613-593-7257,jcapaldika@upenn.edu,11/4/2018
732,Fallon,Murrigans,948-705-9419,fmurriganskb@fastcompany.com,9/18/2017
733,Rosalinda,Chaldecott,227-524-8440,rchaldecottkc@sohu.com,9/14/2020
734,Smith,Izaac,255-291-5864,sizaackd@mozilla.com,7/6/2017
735,Noel,Leverich,246-323-0842,nleverichke@vimeo.com,6/22/2021
736,Alfonso,Cowitz,883-313-3761,acowitzkf@usatoday.com,6/9/2019
737,Maribeth,Haggart,803-489-9023,mhaggartkg@rambler.ru,2/26/2016
738,Max,Snelgar,434-817-2473,msnelgarkh@smh.com.au,10/23/2016
739,Delmer,Bucklan,820-162-9366,dbucklanki@thetimes.co.uk,3/2/2018
740,Chip,Espy,627-660-1687,cespykj@sphinn.com,4/23/2017
741,Beck,Grantham,771-633-0402,bgranthamkk@howstuffworks.com,1/16/2020
742,Tootsie,Samber,851-283-0404,tsamberkl@hud.gov,12/28/2021
743,Rutger,Station,238-427-9693,rstationkm@nhs.uk,4/21/2016
744,Derrek,Tybalt,644-389-7946,dtybaltkn@stumbleupon.com,7/27/2019
745,Percy,Marton,546-872-2110,pmartonko@so-net.ne.jp,6/13/2018
746,Lyndy,Kleuer,671-392-6178,lkleuerkp@utexas.edu,11/25/2017
747,Sigvard,Ollcott,447-167-6740,sollcottkq@unc.edu,6/18/2019
748,Reeta,Wickmann,596-852-1833,rwickmannkr@yellowpages.com,3/21/2019
749,Bobby,Orfeur,643-417-6669,borfeurks@drupal.org,12/6/2020
750,Hilly,Aitcheson,978-967-8062,haitchesonkt@tiny.cc,5/21/2016
751,Sherie,Beams,763-428-3979,sbeamsku@homestead.com,10/17/2017
752,Erv,Grombridge,646-783-8980,egrombridgekv@artisteer.com,12/28/2020
753,Gina,Birbeck,595-680-3225,gbirbeckkw@simplemachines.org,5/18/2018
754,Ninnetta,Petford,606-129-1720,npetfordkx@theglobeandmail.com,8/7/2015
755,Bartlett,Ferreres,755-331-3258,bferreresky@flavors.me,10/16/2015
756,Benyamin,Greest,936-568-0013,bgreestkz@pen.io,4/1/2019
757,Gilly,Freear,256-914-4689,gfreearl0@nasa.gov,4/21/2020
758,Caresa,Di Bernardo,610-326-6721,cdibernardol1@issuu.com,7/21/2019
759,Tess,Washtell,388-699-0648,twashtelll2@4shared.com,7/10/2020
760,Ebba,Darrach,800-254-4794,edarrachl3@answers.com,7/16/2020
761,Chloe,Mant,561-985-4979,cmantl4@mayoclinic.com,1/16/2022
762,Addia,Jakoub,695-840-7862,ajakoubl5@arstechnica.com,5/31/2018
763,Micah,Evers,895-836-3604,meversl6@google.com.br,10/8/2018
764,Stanley,Stone Fewings,405-284-1884,sstonefewingsl7@instagram.com,7/21/2016
765,Barry,Marlen,863-131-4188,bmarlenl8@jalbum.net,7/16/2019
766,Fara,McCreery,966-531-5574,fmccreeryl9@spiegel.de,11/11/2019
767,Garrot,Cossentine,418-893-9911,gcossentinela@google.com,11/25/2020
768,Annecorinne,Sinnie,140-175-7231,asinnielb@vkontakte.ru,5/11/2017
769,Ximenez,Gillon,805-799-2388,xgillonlc@webeden.co.uk,4/7/2017
770,Billi,Checcuzzi,802-308-5066,bcheccuzzild@ucoz.com,9/1/2017
771,Mattie,Mussettini,316-799-6173,mmussettinile@istockphoto.com,6/18/2021
772,Brett,Fussen,288-887-2759,bfussenlf@bravesites.com,10/7/2021
773,Frankie,Trulock,744-552-4135,ftrulocklg@mysql.com,5/3/2020
774,Bride,Shuttlewood,160-836-3003,bshuttlewoodlh@nyu.edu,5/14/2020
775,Karin,Gasquoine,918-693-1320,kgasquoineli@yelp.com,3/12/2020
776,Shoshana,Annes,823-800-6110,sanneslj@livejournal.com,11/3/2015
777,Gonzalo,Hanwell,992-632-9315,ghanwelllk@hp.com,1/27/2016
778,Ricky,Rowter,151-446-0900,rrowterll@lulu.com,4/2/2021
779,Tobi,Mouse,687-510-4145,tmouselm@twitter.com,4/30/2017
780,Stefan,Quail,241-368-2830,squailln@tripadvisor.com,3/10/2022
781,Zahara,Jakeman,766-626-1300,zjakemanlo@deliciousdays.com,12/15/2019
782,Durand,O'Neal,674-820-4986,doneallp@fda.gov,5/24/2019
783,Daisy,Scimonelli,770-694-1179,dscimonellilq@wufoo.com,4/14/2022
784,Elayne,Ortiger,848-303-7206,eortigerlr@prweb.com,12/13/2017
785,Eveleen,Lau,874-571-5550,elauls@facebook.com,1/4/2018
786,Terri-jo,Chomicz,803-312-4729,tchomiczlt@pcworld.com,8/1/2018
787,Kathie,Streetley,310-652-9724,kstreetleylu@fastcompany.com,9/17/2019
788,Nichole,Storres,322-520-6748,nstorreslv@1und1.de,8/23/2015
789,Ulysses,Haresign,732-866-9061,uharesignlw@miitbeian.gov.cn,1/19/2017
790,Ewart,Turpin,314-100-8600,eturpinlx@miitbeian.gov.cn,1/5/2020
791,Cherey,Westwell,509-103-6683,cwestwellly@umich.edu,10/2/2017
792,Reube,Beszant,128-285-9173,rbeszantlz@slate.com,11/11/2015
793,Goldina,Dufaire,541-448-7158,gdufairem0@bloglines.com,3/28/2021
794,Sander,Spollen,263-773-2797,sspollenm1@independent.co.uk,3/8/2016
795,Leelah,Drysdall,379-511-5415,ldrysdallm2@privacy.gov.au,3/13/2017
796,Ricca,Sayes,671-794-0698,rsayesm3@sbwire.com,11/25/2018
797,Hope,Gaitley,837-482-6691,hgaitleym4@list-manage.com,9/15/2015
798,Cari,Brash,224-107-4454,cbrashm5@webnode.com,7/4/2020
799,Farly,Matura,958-351-8303,fmaturam6@msu.edu,11/2/2015
800,Derk,Tonks,452-668-9891,dtonksm7@wikia.com,8/19/2021
801,Calvin,Arnould,712-938-1485,carnouldm8@bigcartel.com,12/7/2019
802,Alexina,Kiezler,452-451-4581,akiezlerm9@cnet.com,3/11/2019
803,Clyve,Knowling,979-665-8989,cknowlingma@gnu.org,5/6/2021
804,Hewie,Urlich,457-484-4720,hurlichmb@salon.com,2/24/2019
805,Eadie,Aysik,952-374-5423,eaysikmc@deliciousdays.com,5/9/2019
806,Gertie,Jostan,459-912-2575,gjostanmd@zdnet.com,9/28/2018
807,Kalil,Dalyell,770-997-7295,kdalyellme@pagesperso-orange.fr,11/13/2016
808,Isabella,Ovendale,960-418-4880,iovendalemf@google.pl,3/24/2016
809,Whittaker,Overlow,255-675-6523,woverlowmg@youtube.com,11/14/2016
810,Fianna,Josskoviz,909-214-0710,fjosskovizmh@sciencedirect.com,10/30/2020
811,Cairistiona,Borrows,800-660-5457,cborrowsmi@purevolume.com,11/17/2017
812,Ketty,Cardoso,975-416-1905,kcardosomj@springer.com,4/28/2019
813,Anita,Maplestone,977-849-3851,amaplestonemk@arizona.edu,9/1/2019
814,Cristionna,Beresfore,288-823-3084,cberesforeml@bluehost.com,9/27/2021
815,Samuele,Tenniswood,147-434-4114,stenniswoodmm@woothemes.com,6/24/2020
816,Bibby,Walewicz,122-755-9302,bwalewiczmn@businessinsider.com,2/12/2018
817,Hunt,Todd,949-820-4436,htoddmo@google.com,8/21/2019
818,Lorelle,Pochet,873-309-2020,lpochetmp@last.fm,6/8/2016
819,Packston,Howsego,514-976-6650,phowsegomq@bbc.co.uk,9/27/2018
820,Giacobo,Edmonston,616-555-0135,gedmonstonmr@nymag.com,12/4/2017
821,Luciana,Hurdwell,593-152-2463,lhurdwellms@tinyurl.com,10/21/2017
822,Lynnelle,McKirton,836-304-2094,lmckirtonmt@usgs.gov,2/26/2021
823,Tito,McIlvoray,627-769-1309,tmcilvoraymu@pbs.org,7/3/2021
824,Saxon,Jamieson,355-728-5282,sjamiesonmv@dion.ne.jp,7/27/2021
825,Arlana,Offiler,768-248-5384,aoffilermw@drupal.org,12/12/2015
826,Patricio,Matthensen,348-584-2618,pmatthensenmx@census.gov,7/16/2016
827,Salvidor,Mathissen,970-218-5774,smathissenmy@merriam-webster.com,12/4/2017
828,Kora,Dicken,670-660-7550,kdickenmz@dagondesign.com,2/2/2020
829,Sam,Godthaab,641-153-9150,sgodthaabn0@apple.com,4/23/2021
830,Fleur,Edgworth,757-777-7683,fedgworthn1@phoca.cz,3/7/2019
831,Grange,Horsley,381-918-6564,ghorsleyn2@ow.ly,7/14/2015
832,Roseanne,Claus,926-888-7320,rclausn3@usgs.gov,2/7/2020
833,Auroora,Philipeaux,237-636-2271,aphilipeauxn4@jugem.jp,10/31/2015
834,Gisele,Corkhill,657-574-3125,gcorkhilln5@nasa.gov,8/27/2017
835,Jenica,Fetterplace,941-725-0052,jfetterplacen6@cnet.com,5/22/2020
836,Nannette,Neesham,740-942-1962,nneeshamn7@umn.edu,1/28/2018
837,Anett,Gittens,612-943-1194,agittensn8@cmu.edu,2/14/2018
838,Harriette,Shopcott,687-695-6321,hshopcottn9@infoseek.co.jp,6/7/2017
839,Berthe,McLenahan,465-102-5972,bmclenahanna@bravesites.com,11/15/2021
840,Mable,McAdam,934-441-6896,mmcadamnb@mail.ru,9/1/2018
841,Aindrea,Wratten,741-808-7420,awrattennc@weibo.com,11/9/2019
842,Mikkel,Stearndale,355-646-9420,mstearndalend@yellowpages.com,9/12/2017
843,Jewel,Feldbrin,694-420-2702,jfeldbrinne@usatoday.com,9/22/2018
844,Marleah,Caw,297-894-5838,mcawnf@istockphoto.com,2/27/2022
845,Rickie,Ketley,267-917-6129,rketleyng@tuttocitta.it,8/16/2018
846,Augie,O'Hartagan,816-804-9645,aohartagannh@google.co.uk,8/13/2015
847,Angel,Twining,447-921-4231,atwiningni@amazon.co.jp,10/10/2021
848,Micaela,Luberti,963-394-9196,mlubertinj@aol.com,5/19/2017
849,Judd,MacKilroe,823-571-6596,jmackilroenk@themeforest.net,4/3/2019
850,Whitaker,Featherstone,861-965-2007,wfeatherstonenl@wired.com,9/19/2018
851,Gun,Hewkin,916-693-3558,ghewkinnm@nba.com,9/12/2015
852,Kris,Ancliff,379-696-7503,kancliffnn@rambler.ru,6/19/2019
853,Selena,Capron,374-917-0273,scapronno@cnn.com,1/17/2022
854,Sib,Brauner,682-411-0692,sbraunernp@scribd.com,10/24/2016
855,Abdul,Frickey,955-137-0079,africkeynq@newsvine.com,10/17/2018
856,Robers,Speere,510-898-6318,rspeerenr@hubpages.com,1/8/2018
857,Alfy,Guilloux,927-754-2749,aguillouxns@unblog.fr,12/30/2020
858,Natale,Spilsted,720-239-6303,nspilstednt@salon.com,7/19/2019
859,Marj,Fautley,400-350-4772,mfautleynu@google.pl,12/16/2015
860,Vida,Lepoidevin,889-824-5359,vlepoidevinnv@admin.ch,11/13/2021
861,Arlinda,Heinert,332-840-2914,aheinertnw@comcast.net,10/24/2016
862,Amara,Maxted,993-461-3177,amaxtednx@google.de,7/31/2019
863,Joane,Phelips,363-467-6879,jphelipsny@ebay.com,12/3/2015
864,Barn,Isack,926-756-4051,bisacknz@businesswire.com,10/17/2019
865,Madge,Bulpitt,470-990-0298,mbulpitto0@phpbb.com,12/26/2019
866,Stanford,Trulocke,931-695-1971,strulockeo1@indiegogo.com,7/19/2017
867,Dannye,Yellowley,949-704-0633,dyellowleyo2@zdnet.com,5/25/2020
868,Jorie,Adanet,245-647-4797,jadaneto3@wunderground.com,12/31/2018
869,Consolata,Barehead,155-531-9703,cbareheado4@umich.edu,4/9/2021
870,Doralyn,Diss,613-763-0508,ddisso5@forbes.com,10/17/2016
871,Lou,Metcalfe,442-183-8667,lmetcalfeo6@cloudflare.com,9/1/2015
872,Kristofer,McGinny,314-458-1312,kmcginnyo7@hugedomains.com,10/24/2016
873,Lorne,Zappel,954-376-7951,lzappelo8@arizona.edu,2/23/2019
874,Coreen,Acres,412-114-5986,cacreso9@cbsnews.com,11/8/2020
875,Dannye,MacColgan,402-828-2937,dmaccolganoa@boston.com,7/25/2021
876,Gabey,Culpin,709-328-3413,gculpinob@wikipedia.org,9/18/2020
877,Kassey,Sword,483-620-9802,kswordoc@samsung.com,4/12/2021
878,Eveline,Sidney,450-871-4238,esidneyod@symantec.com,5/17/2018
879,Khalil,Bingham,362-353-8273,kbinghamoe@hao123.com,12/5/2021
880,Zach,Burghill,376-421-5196,zburghillof@archive.org,4/17/2022
881,Noah,Blacklidge,456-940-3156,nblacklidgeog@cdbaby.com,1/24/2021
882,Shalom,Hallward,647-787-7688,shallwardoh@techcrunch.com,5/16/2016
883,Meggi,Sibille,281-364-8241,msibilleoi@cmu.edu,11/9/2020
884,Olympie,Culter,655-378-7979,oculteroj@samsung.com,11/13/2017
885,Gayle,Bein,787-772-8667,gbeinok@imageshack.us,12/21/2017
886,Jere,Trusslove,407-703-1978,jtrussloveol@alexa.com,7/17/2015
887,Retha,Stopforth,257-135-2122,rstopforthom@latimes.com,7/29/2019
888,Anthony,Borchardt,191-875-3004,aborchardton@youtu.be,10/6/2015
889,Constantin,Shreeve,251-186-5155,cshreeveoo@dell.com,12/25/2015
890,Jenn,Overland,720-446-0723,joverlandop@sina.com.cn,3/8/2022
891,Wald,Campe,360-990-9789,wcampeoq@jimdo.com,2/12/2016
892,Dottie,Snoden,974-660-9683,dsnodenor@booking.com,8/25/2015
893,Larine,O'Bradden,348-732-2115,lobraddenos@ustream.tv,11/21/2021
894,Fanchon,Creamer,202-831-2692,fcreamerot@epa.gov,12/29/2020
895,Kingston,Vinnick,142-837-4750,kvinnickou@digg.com,2/16/2016
896,Angeli,Arnefield,655-889-3655,aarnefieldov@weather.com,9/26/2021
897,Morty,Damrell,323-719-3249,mdamrellow@about.com,1/5/2018
898,Beale,Gransden,174-885-5489,bgransdenox@latimes.com,6/7/2020
899,Zondra,Oxtiby,408-134-1044,zoxtibyoy@example.com,11/28/2017
900,Washington,Orme,169-115-1428,wormeoz@facebook.com,9/17/2016
901,Felecia,Veness,650-733-6775,fvenessp0@aboutads.info,5/21/2015
902,Diahann,Burdikin,374-785-1442,dburdikinp1@4shared.com,11/7/2016
903,Alain,Gaunt,992-576-6897,agauntp2@gnu.org,10/25/2015
904,Noland,Riche,351-827-2124,nrichep3@ihg.com,11/16/2018
905,Karilynn,Lehmann,928-342-1390,klehmannp4@yelp.com,12/20/2018
906,Kayle,Hintze,785-513-7918,khintzep5@storify.com,8/25/2018
907,Cathe,Gillet,812-717-7622,cgilletp6@telegraph.co.uk,2/9/2020
908,Cookie,Mordey,230-204-3719,cmordeyp7@bbc.co.uk,10/17/2019
909,Torey,Derington,799-720-8846,tderingtonp8@hexun.com,7/1/2017
910,Aksel,Siggee,714-231-5991,asiggeep9@dedecms.com,12/1/2020
911,Teirtza,Jalland,528-420-7206,tjallandpa@nba.com,3/19/2017
912,Henriette,Sterzaker,470-721-1527,hsterzakerpb@blogs.com,4/6/2016
913,Esma,Bartos,458-369-9703,ebartospc@google.ru,10/18/2019
914,Susy,Salkeld,579-833-2154,ssalkeldpd@blog.com,1/13/2017
915,Karl,Songest,161-672-3725,ksongestpe@irs.gov,10/14/2018
916,Mamie,Double,704-530-0891,mdoublepf@google.pl,12/30/2016
917,Frayda,Brickhill,936-113-2527,fbrickhillpg@google.es,1/7/2018
918,Kerwinn,Phipson,148-862-6369,kphipsonph@wikimedia.org,11/30/2015
919,Sigismund,Donat,263-289-1359,sdonatpi@diigo.com,12/31/2015
920,Bradan,Rowson,316-733-0569,browsonpj@zdnet.com,3/21/2019
921,Hailey,Sinclair,221-413-7010,hsinclairpk@clickbank.net,10/6/2021
922,Garwood,Guilford,124-934-7912,gguilfordpl@delicious.com,9/11/2021
923,Melantha,Dagleas,381-240-5389,mdagleaspm@yellowpages.com,3/11/2021
924,Gwenny,Rossoni,325-540-6817,grossonipn@networksolutions.com,9/9/2020
925,Emanuel,Burnsall,597-676-8868,eburnsallpo@wsj.com,1/30/2022
926,Edvard,Capelle,423-374-6677,ecapellepp@wordpress.com,11/29/2019
927,Puff,Vondruska,629-220-2994,pvondruskapq@cnet.com,9/19/2021
928,Genvieve,Oakly,281-911-0601,goaklypr@shareasale.com,6/15/2017
929,Hamid,Fisher,573-824-4985,hfisherps@icq.com,6/28/2019
930,Fredric,Aronov,721-754-6053,faronovpt@usda.gov,10/7/2015
931,Annabal,Drohane,536-279-1347,adrohanepu@soundcloud.com,4/4/2022
932,Nady,Khrishtafovich,229-158-5434,nkhrishtafovichpv@pen.io,7/10/2016
933,Tatiana,Fawdrie,525-635-3844,tfawdriepw@nih.gov,10/12/2021
934,Benedikt,Dawnay,393-876-0243,bdawnaypx@nhs.uk,8/24/2016
935,Phillipp,Trowill,476-602-3040,ptrowillpy@fastcompany.com,1/26/2022
936,Luelle,Kinmond,849-277-7757,lkinmondpz@fotki.com,6/16/2016
937,Karry,Tellenbrook,371-412-6504,ktellenbrookq0@constantcontact.com,7/15/2020
938,Benjamen,Neesam,708-655-9691,bneesamq1@nymag.com,7/15/2020
939,Hillie,Reis,855-574-9898,hreisq2@oaic.gov.au,5/30/2017
940,Edyth,Vickerstaff,220-336-6162,evickerstaffq3@ft.com,7/11/2015
941,Malissa,Mines,595-828-5504,mminesq4@canalblog.com,3/22/2021
942,Dolly,Berthome,333-135-3684,dberthomeq5@tripadvisor.com,5/18/2019
943,Colette,Squeers,402-896-4515,csqueersq6@sciencedirect.com,3/30/2021
944,Desirae,Martyns,664-888-5396,dmartynsq7@senate.gov,5/17/2015
945,Silvio,Casserly,560-585-9359,scasserlyq8@booking.com,8/15/2016
946,Philippine,Vittle,816-963-8850,pvittleq9@ehow.com,8/12/2020
947,Fletch,Ponsford,434-456-3443,fponsfordqa@google.com.au,9/23/2016
948,Peder,Veart,210-293-6525,pveartqb@unicef.org,1/27/2021
949,Marti,Chalcroft,988-177-5532,mchalcroftqc@smh.com.au,6/28/2017
950,Erma,Ralston,890-147-6027,eralstonqd@fastcompany.com,4/6/2017
951,Vaughan,Raffeorty,818-930-6601,vraffeortyqe@cmu.edu,11/25/2019
952,Ofelia,McMonnies,228-552-8277,omcmonniesqf@blogger.com,5/15/2018
953,Bridie,Fearby,297-201-1486,bfearbyqg@about.me,6/28/2019
954,Vickie,Brower,340-999-3123,vbrowerqh@uiuc.edu,5/20/2019
955,Bent,Cansdall,970-160-4384,bcansdallqi@homestead.com,1/3/2020
956,Pincus,Philippe,239-578-5636,pphilippeqj@macromedia.com,3/11/2021
957,Oralee,Hattrick,339-441-3187,ohattrickqk@angelfire.com,4/25/2021
958,Andree,Harbard,775-517-4522,aharbardql@php.net,10/19/2017
959,Dallis,Freckelton,703-838-7390,dfreckeltonqm@tinypic.com,2/24/2020
960,Rori,Beake,964-104-7194,rbeakeqn@accuweather.com,7/18/2018
961,Salem,Fallen,240-683-7922,sfallenqo@noaa.gov,11/2/2019
962,Caterina,Strathearn,344-842-5134,cstrathearnqp@ow.ly,9/28/2016
963,Fin,Whitehorn,240-122-0474,fwhitehornqq@e-recht24.de,4/20/2016
964,Josey,Emanuelli,311-341-9897,jemanuelliqr@behance.net,11/29/2020
965,Rickard,Messruther,272-161-2581,rmessrutherqs@technorati.com,5/20/2020
966,Salvador,Vase,307-995-5395,svaseqt@cam.ac.uk,8/18/2017
967,Nicola,McCuffie,445-206-8839,nmccuffiequ@zimbio.com,7/19/2018
968,Glyn,Cordsen,467-662-9540,gcordsenqv@ifeng.com,6/18/2015
969,Peter,Lake,795-147-6819,plakeqw@php.net,10/22/2020
970,Salvatore,Heam,913-458-0623,sheamqx@studiopress.com,10/2/2020
971,Ricky,Everson,594-802-2985,reversonqy@g.co,2/2/2022
972,Elysha,Navarro,619-281-7524,enavarroqz@deviantart.com,7/20/2016
973,Agnella,Djurevic,944-899-1671,adjurevicr0@facebook.com,9/1/2018
974,Gregory,Glader,378-259-8367,ggladerr1@opensource.org,7/3/2016
975,Kevina,Ayres,607-928-0224,kayresr2@angelfire.com,3/31/2021
976,Leon,Ruprich,365-843-5651,lruprichr3@nationalgeographic.com,5/9/2021
977,Clo,Axten,988-681-6428,caxtenr4@behance.net,4/6/2018
978,Morganne,Akester,370-248-8929,makesterr5@pbs.org,10/13/2018
979,Jamesy,Georgel,242-735-8829,jgeorgelr6@thetimes.co.uk,6/27/2015
980,Saw,Gunstone,645-842-3335,sgunstoner7@barnesandnoble.com,6/4/2017
981,Brinna,Tremellan,299-593-7603,btremellanr8@bbc.co.uk,6/12/2020
982,Dorthy,Kille,861-613-2286,dkiller9@histats.com,1/27/2021
983,Lynnet,Roswarn,682-804-3535,lroswarnra@acquirethisname.com,3/27/2016
984,Ammamaria,Budgen,121-512-7686,abudgenrb@i2i.jp,1/5/2021
985,Rosco,Tassell,212-977-1883,rtassellrc@toplist.cz,5/22/2019
986,Trevor,Bannister,779-151-4007,tbannisterrd@fotki.com,6/21/2015
987,Dillon,Grodden,357-339-2116,dgroddenre@dailymail.co.uk,4/29/2017
988,Loydie,Paulin,881-613-8642,lpaulinrf@barnesandnoble.com,8/23/2015
989,Pen,Daud,876-763-6462,pdaudrg@pagesperso-orange.fr,12/27/2018
990,Corine,Leabeater,261-402-7991,cleabeaterrh@yahoo.co.jp,12/15/2017
991,Karee,Pirkis,437-684-4637,kpirkisri@yale.edu,4/19/2021
992,Vivien,Dreus,569-527-9024,vdreusrj@uol.com.br,3/1/2019
993,Ignaz,Fessier,806-826-5603,ifessierrk@comcast.net,3/27/2019
994,Celinka,Darmody,947-914-5100,cdarmodyrl@netlog.com,1/27/2019
995,Emmalyn,Neylon,753-988-4488,eneylonrm@microsoft.com,12/25/2015
996,Avrit,Cattenach,361-353-2041,acattenachrn@slashdot.org,4/30/2015
997,Brunhilda,Stead,751-564-4491,bsteadro@patch.com,6/13/2015
998,Karol,Wimmers,574-704-4452,kwimmersrp@booking.com,7/9/2018
999,Normand,Glynne,790-698-6198,nglynnerq@baidu.com,4/9/2020
1000,Mufinella,De Paoli,738-534-3141,mdepaolirr@stanford.edu,8/23/2018
