musicien_id,musicien_nom,musicien_prenom,musicien_date_naissance,musicien_telephone,musicien_adresse,musicien_mail
1,Gene,Ousby,9/28/1985,372-106-3084,1933 Meadow Vale Lane,gousby0@google.cn
2,Jeri,Powter,9/15/1986,348-820-0937,4913 Stone Corner Way,jpowter1@yale.edu
3,Alfi,Burnett,1/19/1958,385-429-9512,00768 Coleman Alley,aburnett2@cloudflare.com
4,Torey,Langshaw,1/20/1994,292-394-5745,2 Garrison Parkway,tlangshaw3@360.cn
5,Danya,Lincey,9/29/1963,252-974-3638,6405 Eggendart Crossing,dlincey4@theatlantic.com
6,Beau,Robker,9/20/2001,312-598-3231,0 Blackbird Circle,brobker5@state.gov
7,Anni,Gerling,11/21/1963,559-424-2310,913 Hanover Alley,agerling6@nytimes.com
8,Woodrow,Blackborow,1/30/1992,652-484-0902,163 Schurz Drive,wblackborow7@bandcamp.com
9,Cissiee,Docket,6/26/1967,986-567-6802,8 Fulton Court,cdocket8@oracle.com
10,Khalil,Gregori,3/12/1964,177-765-2960,676 Pine View Park,kgregori9@360.cn
11,Perceval,Passie,6/29/1950,906-400-3558,4268 Delaware Avenue,ppassiea@bloomberg.com
12,Wilbert,Swinbourne,12/22/2001,143-493-0978,3158 Toban Junction,wswinbourneb@moonfruit.com
13,Gonzalo,Poytheras,6/23/1975,680-994-7611,34 Miller Circle,gpoytherasc@themeforest.net
14,Mab,Repp,5/15/2001,243-547-0457,96167 Birchwood Lane,mreppd@weibo.com
15,Martin,Oxley,4/3/1964,551-272-3110,6979 Dennis Place,moxleye@tinyurl.com
16,Waldemar,Pinnion,9/13/1955,565-840-1019,45 7th Way,wpinnionf@tamu.edu
17,Cicily,Haton,9/6/1996,312-907-5874,69152 Maywood Street,chatong@engadget.com
18,Jed,Valentinuzzi,8/10/1974,219-840-2736,500 Homewood Way,jvalentinuzzih@hibu.com
19,Alva,Delafoy,8/2/1972,415-392-4941,61 Westridge Terrace,adelafoyi@desdev.cn
20,Micah,Grigoryov,8/28/1975,255-493-1071,5657 Portage Alley,mgrigoryovj@creativecommons.org
21,Ferrel,Beales,9/13/1963,384-508-3186,43 Sachs Terrace,fbealesk@google.ca
22,Denney,Woolstenholmes,7/15/1993,303-270-2325,8778 Mariners Cove Plaza,dwoolstenholmesl@buzzfeed.com
23,Horst,Steggals,6/2/1974,788-701-8051,5327 Moland Crossing,hsteggalsm@noaa.gov
24,Maggy,Bielefeld,5/7/1950,707-152-0562,36 Hauk Center,mbielefeldn@nationalgeographic.com
25,Chandal,Noe,5/20/1955,711-438-9851,4980 Daystar Junction,cnoeo@samsung.com
26,Elsie,Dightham,11/7/1967,999-991-8549,63493 Scott Trail,edighthamp@home.pl
27,Tamera,Bangs,9/17/1979,337-830-4415,89 Scoville Terrace,tbangsq@adobe.com
28,Hedvig,Trineman,8/16/1967,350-625-4567,6556 Corben Hill,htrinemanr@friendfeed.com
29,Theresa,Wooder,2/17/2002,862-902-9256,92577 Dawn Junction,twooders@ftc.gov
30,Leontyne,Haensel,7/3/1979,250-357-6959,5649 Sullivan Way,lhaenselt@ucoz.com
31,Gale,Abrahm,12/18/1976,710-446-0551,78631 Harbort Road,gabrahmu@go.com
32,Katina,Huzzey,10/9/1976,927-617-0484,4211 Morning Terrace,khuzzeyv@ebay.com
33,Mira,Kuhnel,7/22/1987,383-982-3231,80386 4th Crossing,mkuhnelw@macromedia.com
34,Otis,Sneyd,9/6/1994,561-251-5314,8025 Walton Place,osneydx@gnu.org
35,Eli,Draayer,10/12/1988,887-577-5434,7996 Erie Trail,edraayery@pinterest.com
36,Mark,Raddan,2/28/1973,323-144-8463,11348 Gerald Point,mraddanz@oaic.gov.au
37,Mariejeanne,Nurden,4/2/1989,398-814-6156,117 Corben Pass,mnurden10@yahoo.co.jp
38,Mariquilla,Speeding,11/15/1994,578-351-1061,710 Holmberg Alley,mspeeding11@deliciousdays.com
39,Marcile,Ghirigori,4/21/1957,359-600-0280,8332 Rusk Crossing,mghirigori12@mail.ru
40,Ruttger,Vurley,9/10/1991,236-820-3655,91 Jay Pass,rvurley13@latimes.com
41,Peggie,Edlin,9/28/1963,841-474-7849,5536 Rigney Center,pedlin14@biglobe.ne.jp
42,Trudie,Duffell,8/31/1956,188-139-7885,5614 Dayton Lane,tduffell15@bloglovin.com
43,Yetta,Haskur,12/23/1994,727-794-6180,812 Barby Plaza,yhaskur16@yellowpages.com
44,Alley,Du Hamel,3/7/1993,863-811-8861,01 Scofield Alley,aduhamel17@nydailynews.com
45,Mort,Passingham,1/20/1996,323-917-1052,1 Garrison Road,mpassingham18@4shared.com
46,Wayne,Appleford,7/14/1966,556-735-1617,5784 Dorton Place,wappleford19@constantcontact.com
47,Leonelle,Inskipp,9/28/1995,629-811-8277,36609 Mcguire Avenue,linskipp1a@oakley.com
48,Lory,Emons,6/1/1963,480-118-2527,3 Carpenter Road,lemons1b@comsenz.com
49,Carter,Kidson,10/20/1959,836-116-9434,3717 Chive Trail,ckidson1c@themeforest.net
50,Nicolas,Morales,1/1/1994,796-504-3198,57489 Bunker Hill Alley,nmorales1d@youtu.be
51,Rosalynd,Kingsford,5/8/1999,840-253-2453,2638 Lake View Court,rkingsford1e@marketwatch.com
52,Lilith,Petcher,1/23/1953,105-872-8109,74353 Comanche Plaza,lpetcher1f@admin.ch
53,Christian,Shernock,6/14/1958,968-825-6538,8 Gale Terrace,cshernock1g@wordpress.org
54,Knox,Stollard,5/8/1982,241-943-3516,9022 Mcguire Hill,kstollard1h@cafepress.com
55,Eunice,Vigers,7/7/1981,784-312-8461,55 4th Plaza,evigers1i@sina.com.cn
56,Rand,Edelmann,1/1/1991,693-467-8782,04 Lake View Street,redelmann1j@ustream.tv
57,Maighdiln,Streatley,10/10/1995,818-968-0973,291 International Point,mstreatley1k@webeden.co.uk
58,Tammara,Bastin,10/22/1989,102-577-7921,9205 Thompson Terrace,tbastin1l@theglobeandmail.com
59,Waly,MacTerrelly,4/20/1969,779-292-5013,4553 Victoria Court,wmacterrelly1m@facebook.com
60,Carina,Wigginton,10/23/1987,313-232-8690,0420 Tennessee Circle,cwigginton1n@google.com
61,Fayina,O'Spellissey,3/8/2000,420-162-6802,07 Fisk Pass,fospellissey1o@intel.com
62,Paulo,Giametti,6/22/1964,720-964-9963,44 Porter Parkway,pgiametti1p@theguardian.com
63,Abramo,Duchan,6/5/1983,632-344-6569,278 Knutson Hill,aduchan1q@marketwatch.com
64,Jeanna,Rundall,4/6/1986,214-135-5456,58687 Shasta Parkway,jrundall1r@ovh.net
65,Marie,Washington,2/1/2002,994-704-5462,76383 Gale Parkway,mwashington1s@toplist.cz
66,Blayne,Grayley,6/19/1968,730-375-9887,211 Cherokee Center,bgrayley1t@newyorker.com
67,Kimbell,Woolis,9/21/1978,367-573-9555,91927 Talmadge Plaza,kwoolis1u@ucla.edu
68,Garrott,Harbord,12/16/1963,856-848-9693,6 Lukken Junction,gharbord1v@privacy.gov.au
69,Chaim,Jaggers,9/18/1953,870-794-7806,78 Katie Crossing,cjaggers1w@multiply.com
70,Leda,Damiral,8/22/1972,926-343-0440,8 Eastwood Circle,ldamiral1x@1und1.de
71,Marti,Nurden,8/10/1981,576-312-6670,254 Onsgard Trail,mnurden1y@pinterest.com
72,Forbes,Roskam,7/27/1989,361-939-2292,9815 Clove Hill,froskam1z@ebay.co.uk
73,Suki,McVity,7/17/1951,748-885-3359,4 Bellgrove Trail,smcvity20@dyndns.org
74,Merrile,Deevey,9/20/1993,933-945-1346,542 Debs Avenue,mdeevey21@bluehost.com
75,Emmie,Vanyakin,2/13/1958,296-390-1294,15230 Autumn Leaf Way,evanyakin22@bluehost.com
76,Burl,Cohr,6/28/1953,978-147-6362,5009 Melody Way,bcohr23@squidoo.com
77,Sybila,Carvilla,5/12/1977,224-168-1238,367 Green Parkway,scarvilla24@gnu.org
78,Carly,Mapledoore,11/19/1962,576-895-2186,151 Manley Center,cmapledoore25@rakuten.co.jp
79,Allina,Luparti,10/7/1988,459-773-7178,3280 Glacier Hill Trail,aluparti26@csmonitor.com
80,Homerus,Greenfield,1/6/1999,345-154-3182,6644 Lake View Court,hgreenfield27@chron.com
81,Estell,Arton,9/5/1998,428-498-8606,16 Westport Lane,earton28@over-blog.com
82,Anselm,Brose,7/25/1999,614-183-3480,62 Green Ridge Center,abrose29@examiner.com
83,Rosamond,Roose,3/17/1953,548-733-5079,320 Wayridge Terrace,rroose2a@alexa.com
84,Walther,Hallows,12/13/1986,978-373-7283,3 Bultman Hill,whallows2b@vk.com
85,Tally,Castagnaro,7/12/1991,147-601-9726,1674 Morrow Trail,tcastagnaro2c@w3.org
86,Myrtie,Cashell,12/16/1967,757-407-0429,92 Old Shore Junction,mcashell2d@chicagotribune.com
87,Leighton,Broscombe,3/26/1958,262-746-8662,72699 Cottonwood Hill,lbroscombe2e@google.de
88,August,Wing,1/22/1999,196-777-1528,46329 Dixon Pass,awing2f@ihg.com
89,Kacy,Swindley,5/4/1998,445-488-7786,11 Goodland Plaza,kswindley2g@lycos.com
90,Ernaline,Zelner,5/24/1958,248-523-3215,06 Del Mar Hill,ezelner2h@arizona.edu
91,Honoria,Soda,10/7/1959,106-838-4460,5072 Waxwing Street,hsoda2i@chronoengine.com
92,Ronnie,Brame,1/31/1956,508-438-1444,05 Commercial Trail,rbrame2j@exblog.jp
93,Dot,Danielut,4/19/1951,430-858-9573,678 Pawling Center,ddanielut2k@slate.com
94,Hermine,Simoneau,10/31/1987,193-828-1214,28 John Wall Street,hsimoneau2l@telegraph.co.uk
95,Malvin,Pardey,7/28/1961,473-646-2593,867 Thierer Terrace,mpardey2m@amazon.co.jp
96,Babbette,Illem,2/12/1978,627-757-5349,359 Kings Way,billem2n@sciencedirect.com
97,Jacqui,Fidgin,8/26/1969,666-697-5737,3 Pepper Wood Way,jfidgin2o@yellowbook.com
98,Benedicta,MacKegg,10/25/1974,352-445-0148,60 Thompson Pass,bmackegg2p@t-online.de
99,Krystyna,Mease,12/16/1950,546-777-7676,31957 Elgar Pass,kmease2q@un.org
100,Junie,Brideoke,10/17/1954,607-653-8944,0 Quincy Way,jbrideoke2r@wufoo.com
101,Symon,Briatt,7/6/1972,485-425-7701,6 Fallview Crossing,sbriatt2s@omniture.com
102,Lee,Coggen,10/2/1951,458-591-1087,4133 Gina Park,lcoggen2t@xrea.com
103,Pearline,Twentyman,8/14/1982,158-943-0738,62 Bobwhite Hill,ptwentyman2u@flickr.com
104,Rustie,Mathevet,12/11/1985,862-203-7509,68295 Hauk Drive,rmathevet2v@pcworld.com
105,Amabel,Overill,7/21/1979,657-544-2328,7172 Eggendart Circle,aoverill2w@springer.com
106,Krissie,Whytock,1/13/1965,542-761-2327,0714 Waywood Drive,kwhytock2x@accuweather.com
107,Betti,Dowdle,9/22/1975,651-480-1519,27243 Golf View Street,bdowdle2y@si.edu
108,Rosalinde,Dobrowski,7/8/1996,521-472-9007,938 Logan Center,rdobrowski2z@ihg.com
109,William,Lesek,3/22/1979,351-189-4441,59 Dunning Trail,wlesek30@answers.com
110,Bette,O'Dowling,3/28/1993,331-852-0891,80 David Place,bodowling31@goo.ne.jp
111,Ianthe,Wermerling,2/23/1982,850-144-4806,503 Pawling Court,iwermerling32@wikipedia.org
112,Nerta,Antonoyev,1/6/1987,329-686-3577,09946 Lakewood Crossing,nantonoyev33@skyrock.com
113,Geoffrey,Labrow,4/26/1973,182-678-5587,446 Golden Leaf Trail,glabrow34@ox.ac.uk
114,Doralynn,Simunek,1/13/1991,664-172-6292,454 Dorton Junction,dsimunek35@bigcartel.com
115,Husain,Hafner,5/20/1960,240-686-6704,3 Anniversary Parkway,hhafner36@jigsy.com
116,Sarena,Iacomettii,12/30/1962,678-256-4630,96 Toban Hill,siacomettii37@blogger.com
117,Leelah,Huckleby,3/18/1970,291-171-9911,947 Veith Plaza,lhuckleby38@sogou.com
118,Cece,Measham,11/27/1954,332-763-9433,156 Coleman Road,cmeasham39@sohu.com
119,Wye,Kopke,1/18/1975,478-480-8350,4 Comanche Hill,wkopke3a@paypal.com
120,Cherida,MacClure,2/4/1997,780-578-5652,87295 Truax Court,cmacclure3b@wikispaces.com
121,Juliane,Latour,5/3/1965,431-332-9475,317 Canary Lane,jlatour3c@unicef.org
122,Felice,Have,3/1/2000,796-315-4963,65742 Armistice Avenue,fhave3d@yolasite.com
123,Sharl,Fancutt,7/1/1982,867-889-8270,13865 Truax Trail,sfancutt3e@apache.org
124,Nicolea,Bohlin,4/5/1989,841-118-6034,3675 Almo Center,nbohlin3f@photobucket.com
125,Debi,Finan,6/27/2000,986-541-6215,4 Village Green Parkway,dfinan3g@sphinn.com
126,Dania,Schrieves,3/3/2000,312-811-5346,3 Macpherson Center,dschrieves3h@unblog.fr
127,Jemie,Shurmer,3/15/2002,661-455-9128,32 Arizona Trail,jshurmer3i@ovh.net
128,Tymothy,Grog,5/2/2001,314-576-4023,603 Dixon Alley,tgrog3j@blogtalkradio.com
129,Alvina,Sebastian,6/20/1956,954-621-7060,9 Bowman Plaza,asebastian3k@mediafire.com
130,Kora,Fulle,1/6/1984,511-838-6628,47602 Browning Crossing,kfulle3l@bloglovin.com
131,Alfonse,Scrowby,1/1/1979,581-129-8315,81941 Oak Valley Park,ascrowby3m@surveymonkey.com
132,Frederik,Bleakman,1/9/1977,494-522-8280,6700 Rigney Alley,fbleakman3n@unc.edu
133,Letitia,MacKill,12/18/1990,947-875-2474,05 Bluestem Alley,lmackill3o@google.ru
134,Brande,Goodhand,5/14/1967,806-345-1234,3 Truax Center,bgoodhand3p@nbcnews.com
135,Joe,Shottin,4/10/1979,315-757-1679,095 Northland Parkway,jshottin3q@buzzfeed.com
136,Vilma,Brayne,7/15/1975,946-924-7520,84431 Fuller Junction,vbrayne3r@virginia.edu
137,Hilary,De Gregorio,3/13/1998,630-649-0139,7 Prairie Rose Avenue,hdegregorio3s@liveinternet.ru
138,June,Yule,12/27/1971,567-171-6493,04395 International Way,jyule3t@psu.edu
139,Belinda,Karpman,7/16/1996,528-405-5401,5198 Sommers Center,bkarpman3u@netvibes.com
140,Kerry,Tabert,4/20/2001,648-297-1074,73687 Northridge Way,ktabert3v@soundcloud.com
141,Gabie,Gerkens,3/25/1957,329-558-0537,3356 Spenser Avenue,ggerkens3w@irs.gov
142,Jacquenetta,Fihelly,4/26/1974,424-468-1936,070 Derek Junction,jfihelly3x@hostgator.com
143,Evonne,Vineall,1/22/1978,412-453-9279,7 Parkside Street,evineall3y@google.ru
144,Bucky,Godleman,1/1/1995,750-186-0163,69104 Derek Parkway,bgodleman3z@disqus.com
145,Bev,Buten,4/20/2002,995-477-1264,8626 Everett Pass,bbuten40@discuz.net
146,Berkeley,Josofovitz,3/23/2001,395-956-2676,8973 Manufacturers Pass,bjosofovitz41@cam.ac.uk
147,Grissel,McGuiness,12/25/1950,388-881-1605,1 Farmco Crossing,gmcguiness42@artisteer.com
148,Mariya,Torbard,10/3/1987,238-528-7024,2899 Anzinger Avenue,mtorbard43@youtube.com
149,Evan,Iannuzzi,7/9/1961,874-142-6184,14602 Haas Crossing,eiannuzzi44@prlog.org
150,Nickolas,Adamski,3/15/1995,513-991-7892,6969 Esker Pass,nadamski45@hugedomains.com
151,Wadsworth,Feaks,7/28/1986,450-924-5475,8 Harbort Point,wfeaks46@qq.com
152,Augustine,Mitchelmore,7/15/1998,873-373-3248,4 Reindahl Lane,amitchelmore47@theglobeandmail.com
153,Ivonne,Padbery,4/26/1973,739-831-9202,11 Jenifer Point,ipadbery48@w3.org
154,Wendye,Waliszewski,6/19/1999,877-986-6019,6904 Golf View Way,wwaliszewski49@yellowpages.com
155,Evanne,Cone,12/14/1980,647-250-1967,22791 Maple Crossing,econe4a@un.org
156,Mona,Connechie,5/25/1971,725-702-2198,046 Ridgeview Court,mconnechie4b@ucoz.ru
157,Connie,Gaspard,3/24/1965,454-590-1786,8671 Amoth Park,cgaspard4c@soundcloud.com
158,Darill,Outram,5/22/1960,226-267-1907,73338 Maple Wood Pass,doutram4d@stanford.edu
159,Auria,Hartwright,9/19/1962,290-152-5575,77 Ludington Parkway,ahartwright4e@pen.io
160,Yasmeen,Shelliday,4/28/1952,660-721-0940,41875 Shoshone Court,yshelliday4f@alibaba.com
161,April,Olphert,5/17/1986,255-806-1958,65419 Chinook Way,aolphert4g@mtv.com
162,Leonore,Payze,2/19/1956,856-328-9750,995 Bartelt Crossing,lpayze4h@weather.com
163,Courtnay,Biggs,12/22/1957,760-948-4134,21 Comanche Road,cbiggs4i@princeton.edu
164,Rosemaria,Klyn,12/19/1997,377-878-1029,69 Dunning Trail,rklyn4j@unc.edu
165,Arron,Benoey,12/24/1975,843-867-0231,6190 Haas Trail,abenoey4k@seesaa.net
166,Janelle,Molineaux,6/18/1974,926-627-5635,1017 Holy Cross Alley,jmolineaux4l@jigsy.com
167,Tera,Foucher,12/19/1971,369-486-1276,386 Porter Junction,tfoucher4m@istockphoto.com
168,Vivian,Medeway,9/2/1990,580-667-1176,3840 Knutson Lane,vmedeway4n@wix.com
169,Verena,Rohan,6/9/1953,854-758-1529,7 Hayes Crossing,vrohan4o@google.ca
170,Raf,Blewett,2/7/1996,413-281-7971,63533 Novick Street,rblewett4p@posterous.com
171,Lark,Penhaleurack,7/12/1961,141-167-1334,5 Menomonie Court,lpenhaleurack4q@hugedomains.com
172,Patsy,Neachell,3/30/1959,438-602-7794,3 Delladonna Street,pneachell4r@ucla.edu
173,Marcella,Tasseler,9/30/2000,978-901-9858,7916 Cottonwood Crossing,mtasseler4s@dailymail.co.uk
174,Salomo,Bowland,10/4/1959,818-756-8773,77189 Crest Line Place,sbowland4t@liveinternet.ru
175,Maureen,Molnar,9/1/1975,635-397-9176,0132 Leroy Terrace,mmolnar4u@canalblog.com
176,Tabby,Andreaccio,1/11/1968,619-599-9682,56905 Dapin Court,tandreaccio4v@mtv.com
177,Jocelyn,Skechley,8/29/1968,425-772-3276,7089 Quincy Junction,jskechley4w@bloglines.com
178,Scarface,Goadbie,5/13/1984,856-729-7504,4952 Elmside Circle,sgoadbie4x@flavors.me
179,Stoddard,Drakes,10/15/1965,288-432-7189,72 Dunning Road,sdrakes4y@examiner.com
180,Ian,Rome,5/14/1950,272-665-4241,38 Pine View Terrace,irome4z@phpbb.com
181,Welby,Waple,2/28/1951,323-928-1023,4 Bonner Point,wwaple50@example.com
182,Bert,Gosney,2/10/1968,321-669-8008,18865 Spohn Court,bgosney51@facebook.com
183,Sigismond,Mostyn,5/12/1983,737-943-9628,258 Jay Terrace,smostyn52@t-online.de
184,Nonie,Chinnery,2/22/1964,203-387-6867,90 Logan Point,nchinnery53@archive.org
185,Wilow,Awton,2/25/1993,693-261-8934,8285 Pierstorff Way,wawton54@pagesperso-orange.fr
186,Andy,Demchen,2/7/1951,713-968-1395,55 Shoshone Junction,ademchen55@china.com.cn
187,Romeo,Burr,8/6/1958,765-877-9925,4 Vera Pass,rburr56@hud.gov
188,Arlene,Soldner,6/26/1964,688-179-2509,5 Artisan Park,asoldner57@smh.com.au
189,Philly,Sinkings,10/9/2000,509-367-6612,8 Atwood Avenue,psinkings58@feedburner.com
190,Dedie,Witard,10/26/1973,879-262-1163,4198 Monument Drive,dwitard59@state.gov
191,Beauregard,Pirozzi,2/27/1965,966-875-5994,2 Kingsford Parkway,bpirozzi5a@utexas.edu
192,Ruben,Gonthard,11/12/1989,947-362-3581,9 Center Terrace,rgonthard5b@wisc.edu
193,Nerti,Axton,7/8/1997,321-313-1232,4 Spaight Terrace,naxton5c@flavors.me
194,Ernest,Haycraft,5/14/1952,932-106-8051,2254 Saint Paul Way,ehaycraft5d@nymag.com
195,Aubree,Hauxley,4/24/1971,889-625-7023,05 Kropf Place,ahauxley5e@buzzfeed.com
196,Murray,Pigney,9/29/1980,187-568-9687,1 Anniversary Street,mpigney5f@oaic.gov.au
197,Ferguson,Olyfant,1/11/1965,173-688-9826,24 2nd Place,folyfant5g@newsvine.com
198,Nadine,Brownsill,10/24/1958,901-471-4462,24625 Old Gate Trail,nbrownsill5h@sakura.ne.jp
199,Kendre,Bocken,3/11/1981,377-159-4677,2 Hoard Lane,kbocken5i@wsj.com
200,Hilary,Heinle,3/20/1999,285-313-6485,936 Summerview Parkway,hheinle5j@acquirethisname.com
201,Sebastiano,Godsafe,7/18/1961,183-390-2925,730 Gina Drive,sgodsafe5k@behance.net
202,Farleigh,Wogdon,3/26/1977,692-643-5634,2961 Stang Center,fwogdon5l@skyrock.com
203,Benedicto,Giacopazzi,7/1/1983,646-425-2502,03381 Manitowish Pass,bgiacopazzi5m@amazon.com
204,Kahlil,Shelly,6/22/1983,504-234-3505,32299 Service Street,kshelly5n@google.com.au
205,Denice,Verny,8/19/1974,376-554-6840,3040 Melody Junction,dverny5o@twitter.com
206,Marcia,Carwithim,7/10/1995,635-114-3268,83972 Merchant Alley,mcarwithim5p@google.it
207,Gael,O'Cassidy,11/28/1983,542-526-2875,69975 Ridgeway Way,gocassidy5q@imgur.com
208,Allison,Ashford,7/27/1972,413-526-0283,520 Huxley Street,aashford5r@webs.com
209,Xylia,Gulston,11/12/1978,470-435-2820,90 Atwood Street,xgulston5s@github.io
210,Sophi,Graeme,5/1/1954,809-660-8169,4993 Meadow Ridge Crossing,sgraeme5t@berkeley.edu
211,Philippine,Lymbourne,4/29/1984,910-621-9050,99 Clarendon Junction,plymbourne5u@merriam-webster.com
212,Beth,MacMickan,10/15/1976,174-581-5892,4675 Village Green Plaza,bmacmickan5v@thetimes.co.uk
213,Pru,Espinheira,3/15/1994,763-431-6929,4 Sunnyside Lane,pespinheira5w@wisc.edu
214,Sander,Sings,3/15/1952,731-840-8176,5 Mendota Pass,ssings5x@oaic.gov.au
215,Ardath,Bugbird,10/2/1972,985-356-7556,95 Clyde Gallagher Center,abugbird5y@exblog.jp
216,Gabriel,Diehn,4/11/1957,823-353-8934,19507 Summer Ridge Trail,gdiehn5z@pen.io
217,Allistir,Gormley,1/3/1989,708-300-8427,221 Mayer Crossing,agormley60@marketwatch.com
218,Jonathon,Von Welden,8/21/1966,468-625-4432,19446 Menomonie Crossing,jvonwelden61@delicious.com
219,Melisandra,Pelfer,6/13/2000,540-425-2684,80495 Lunder Court,mpelfer62@eventbrite.com
220,Rock,Orringe,6/23/1985,636-334-8947,12 Dayton Place,rorringe63@prweb.com
221,Florian,Winman,11/17/1976,792-820-1583,44919 Fairfield Crossing,fwinman64@com.com
222,Doloritas,Picford,5/29/1975,672-211-0644,4293 Buhler Alley,dpicford65@ezinearticles.com
223,Irvin,Hast,9/28/1956,906-498-7067,487 Vernon Center,ihast66@xinhuanet.com
224,Darrelle,Cassels,8/5/1954,115-848-8534,22434 Mallory Junction,dcassels67@live.com
225,Adolph,Decort,12/10/1972,389-515-0248,25298 Garrison Way,adecort68@wikipedia.org
226,Issi,Lear,3/7/2001,715-398-9611,75564 Emmet Center,ilear69@yandex.ru
227,Corrina,Mellish,1/30/1990,795-686-6086,283 Cascade Avenue,cmellish6a@soup.io
228,Timmy,Oldroyd,10/4/1963,330-724-4253,2986 Oneill Junction,toldroyd6b@senate.gov
229,Clarette,Gabriel,8/7/1963,117-674-2568,1 Jenna Court,cgabriel6c@cam.ac.uk
230,Upton,Fontell,1/9/1962,504-710-0088,2 Longview Lane,ufontell6d@apache.org
231,Melonie,Hutchins,8/8/1987,898-810-2085,10 Walton Terrace,mhutchins6e@fda.gov
232,Consolata,Ricart,10/9/1954,750-693-7246,45 American Ash Point,cricart6f@theatlantic.com
233,Robena,Dumper,7/29/1962,355-865-8126,097 3rd Center,rdumper6g@dailymail.co.uk
234,Aileen,Lethem,4/21/1958,774-388-5184,1 Maple Alley,alethem6h@facebook.com
235,Vivienne,Daborn,6/22/1958,978-288-1369,537 Myrtle Lane,vdaborn6i@mayoclinic.com
236,Pauletta,Carryer,5/14/1996,585-611-6771,633 Crownhardt Crossing,pcarryer6j@imdb.com
237,Elli,Hirsch,2/19/1956,574-486-6399,270 Kropf Crossing,ehirsch6k@thetimes.co.uk
238,Carissa,Dunphie,9/28/1976,731-292-0123,3325 Stephen Point,cdunphie6l@cargocollective.com
239,Kaylil,Cremins,5/20/1988,912-173-8720,0 Drewry Pass,kcremins6m@opensource.org
240,Alika,Romain,11/10/2000,259-402-7778,68797 Pearson Place,aromain6n@biglobe.ne.jp
241,Jeane,Ligoe,12/13/1995,956-234-7239,3555 Anderson Circle,jligoe6o@wp.com
242,Teresita,Everton,12/17/1980,809-785-7699,942 Hoard Crossing,teverton6p@guardian.co.uk
243,Ulises,Reyna,5/7/1951,553-835-0238,3 Veith Point,ureyna6q@alexa.com
244,Gerri,Nuss,4/9/1972,429-152-9110,2 Thierer Circle,gnuss6r@npr.org
245,Merrick,Yitzhakof,8/12/1970,384-770-2979,685 Marquette Pass,myitzhakof6s@ted.com
246,Auberta,Leggin,7/2/1972,794-121-9941,097 Hansons Terrace,aleggin6t@mashable.com
247,Amil,Shoveller,4/8/1965,675-134-4725,461 Nobel Hill,ashoveller6u@huffingtonpost.com
248,Tony,Fransoni,3/19/2002,797-258-9005,2 Express Pass,tfransoni6v@sakura.ne.jp
249,Thaddus,Remmers,3/15/1974,588-526-6319,370 Summerview Center,tremmers6w@amazon.de
250,Ailis,Stithe,3/8/2002,886-417-6656,0 Onsgard Avenue,astithe6x@mozilla.org
251,Elston,Jurczak,4/10/1995,219-239-2012,582 Bashford Crossing,ejurczak6y@hexun.com
252,Meriel,Enrique,6/7/2000,835-651-4499,135 Farragut Crossing,menrique6z@stumbleupon.com
253,Minnnie,Ailward,1/17/1964,839-831-2396,83 Hauk Street,mailward70@forbes.com
254,Marnia,Streeter,10/7/1995,549-734-9706,8620 Prairie Rose Point,mstreeter71@comsenz.com
255,Drake,Jarred,5/4/1986,306-356-8167,3 Mifflin Trail,djarred72@infoseek.co.jp
256,Rene,Imlach,6/10/1950,534-667-2569,1 Crowley Park,rimlach73@acquirethisname.com
257,Michal,MacCrann,1/11/1985,463-513-8562,649 Forest Run Lane,mmaccrann74@chicagotribune.com
258,Martha,Nan Carrow,10/27/1961,334-665-1966,66 Mcbride Circle,mnancarrow75@washingtonpost.com
259,Taryn,Braunthal,7/10/1986,762-862-0871,9 Independence Road,tbraunthal76@geocities.com
260,Humphrey,Recher,2/6/1985,669-129-4077,900 Eagle Crest Terrace,hrecher77@ezinearticles.com
261,Darby,Caizley,12/16/1983,884-660-5246,9236 Vidon Court,dcaizley78@elegantthemes.com
262,Philippa,Muldoon,11/28/1972,152-659-4812,19516 Mcbride Circle,pmuldoon79@instagram.com
263,Kylila,Shildrick,6/25/1974,920-761-8286,4302 Village Green Street,kshildrick7a@goo.gl
264,Ray,Prazor,12/22/1954,741-275-5292,14605 Crest Line Circle,rprazor7b@arstechnica.com
265,Patience,Smails,7/25/1953,117-882-2082,59 Burning Wood Drive,psmails7c@scientificamerican.com
266,Nollie,Mc Trusty,8/28/1969,950-489-9864,3 Mcguire Way,nmctrusty7d@bing.com
267,Seumas,Michel,5/8/1991,252-597-3444,62811 Lakewood Gardens Plaza,smichel7e@topsy.com
268,Geno,McGloughlin,8/24/1984,466-455-5898,80108 Bluestem Circle,gmcgloughlin7f@symantec.com
269,Adore,Crimes,3/15/1989,527-606-3032,9 Mcguire Place,acrimes7g@friendfeed.com
270,Bertrando,Eccleston,1/10/1953,694-666-2891,814 Dovetail Point,beccleston7h@miibeian.gov.cn
271,Bren,Turmall,6/7/1970,195-570-6478,63 Northfield Park,bturmall7i@163.com
272,Terry,Hanselman,9/26/1952,490-205-9977,52728 Pennsylvania Point,thanselman7j@booking.com
273,Kellie,Kloisner,9/6/1982,279-728-8648,2283 Tony Way,kkloisner7k@usnews.com
274,Charmane,Lillegard,7/4/1960,193-370-2846,13568 Transport Point,clillegard7l@businessweek.com
275,Cliff,Hakey,2/20/1991,944-882-7010,51 Hoepker Court,chakey7m@networkadvertising.org
276,Gayle,Ruddiforth,5/9/1975,660-795-2319,71 Texas Crossing,gruddiforth7n@whitehouse.gov
277,Walt,Yurygyn,4/2/1972,936-288-9714,6 Dwight Lane,wyurygyn7o@domainmarket.com
278,Llewellyn,Worsley,3/4/1964,572-102-4958,759 Loeprich Terrace,lworsley7p@tripod.com
279,Elmer,Bohlmann,9/13/1968,203-208-8796,77 Buena Vista Plaza,ebohlmann7q@aol.com
280,Marieann,Carlow,5/30/1965,696-999-0169,48 Blue Bill Park Circle,mcarlow7r@furl.net
281,Marla,Colly,11/20/1984,632-859-7376,416 Merrick Plaza,mcolly7s@mozilla.org
282,Laurella,Cutten,1/5/1976,260-141-0496,32941 Talisman Parkway,lcutten7t@google.co.jp
283,Harwilll,Corris,3/19/1977,709-383-6412,7695 Rusk Center,hcorris7u@netvibes.com
284,Camille,Bloodworthe,4/6/1957,873-761-4164,4605 Esch Terrace,cbloodworthe7v@cafepress.com
285,Delano,Fake,2/25/1991,929-320-3782,6211 Ridgeview Road,dfake7w@sina.com.cn
286,Danielle,Partkya,6/12/1979,788-824-5334,4 Grim Hill,dpartkya7x@skyrock.com
287,Amory,Chaudret,11/24/1968,925-984-2578,79162 Reindahl Road,achaudret7y@intel.com
288,Pearce,Dahlman,10/18/1972,446-628-0930,0 Menomonie Center,pdahlman7z@nih.gov
289,Joey,Novic,3/22/1960,197-254-7726,738 Valley Edge Way,jnovic80@blog.com
290,Lorne,Warrell,3/6/1980,619-799-6530,9 Chinook Hill,lwarrell81@miitbeian.gov.cn
291,Carine,Ferby,8/23/1979,592-960-5483,5919 Main Parkway,cferby82@ftc.gov
292,Antonietta,Longo,11/12/1992,322-851-8386,070 Melby Plaza,alongo83@blogs.com
293,Steffen,Pinnion,9/24/1959,426-376-7550,30878 Bashford Plaza,spinnion84@cam.ac.uk
294,Dane,Garrett,2/27/1969,689-676-4344,05 Graedel Point,dgarrett85@apple.com
295,Wald,Baxendale,4/26/1963,185-506-6674,586 American Place,wbaxendale86@va.gov
296,Rochette,Fairhead,9/18/1970,246-208-2936,0857 Loomis Junction,rfairhead87@biblegateway.com
297,Gilburt,Kop,6/2/1989,534-506-9734,794 Swallow Park,gkop88@bbb.org
298,Fara,Greneham,5/9/1999,391-127-8704,4 Weeping Birch Place,fgreneham89@howstuffworks.com
299,Nelle,Shackleton,4/24/1976,849-904-6781,50340 8th Junction,nshackleton8a@imdb.com
300,Teddy,Cutbush,2/2/1952,154-836-0762,28 Acker Pass,tcutbush8b@typepad.com
301,Renie,Simonnin,5/14/1950,765-752-8622,47 Londonderry Circle,rsimonnin8c@adobe.com
302,Eleonora,Leibold,7/17/1962,586-383-3460,5979 Eagan Plaza,eleibold8d@mlb.com
303,Sandra,Polly,12/31/1984,580-413-3320,36 Lake View Plaza,spolly8e@yellowpages.com
304,Gabi,Klehyn,12/20/1965,598-878-1870,07332 3rd Street,gklehyn8f@whitehouse.gov
305,Violet,Moniker,2/24/1959,861-517-9423,566 Waubesa Park,vmoniker8g@cisco.com
306,Perl,Mustchin,12/25/1985,474-837-8350,0 Dakota Lane,pmustchin8h@illinois.edu
307,Debra,Hawgood,12/30/1969,373-184-2830,7764 Kropf Way,dhawgood8i@homestead.com
308,Rodrique,Allison,9/3/1990,767-820-3089,98862 Homewood Way,rallison8j@alibaba.com
309,Dyane,Spiers,10/8/1970,450-523-8849,2 South Pass,dspiers8k@foxnews.com
310,Connie,Nuzzetti,10/18/2000,931-493-9008,29808 Anzinger Crossing,cnuzzetti8l@twitpic.com
311,Arlana,Vanichkin,8/15/1957,998-238-4095,6 Mccormick Road,avanichkin8m@shop-pro.jp
312,Orelee,Healy,9/18/1950,634-564-1140,44474 Grasskamp Hill,ohealy8n@list-manage.com
313,Carry,Swetmore,10/28/1986,998-264-5478,01910 Spohn Hill,cswetmore8o@usa.gov
314,Demetris,McCarry,3/26/2002,419-249-7473,6286 Dixon Point,dmccarry8p@behance.net
315,Adorne,Bridie,6/17/1961,148-789-9915,473 Waubesa Crossing,abridie8q@instagram.com
316,Dorolisa,Son,3/9/1961,683-111-9571,20 Brentwood Point,dson8r@google.com
317,Alicia,Jahnel,4/23/1995,791-625-7297,9132 Mccormick Place,ajahnel8s@google.ca
318,Mair,Norcop,8/4/1953,893-992-9291,31768 Glendale Court,mnorcop8t@fda.gov
319,Ariela,Weatherell,8/4/1985,989-509-7739,03 Acker Terrace,aweatherell8u@jigsy.com
320,Marchall,Leinweber,7/20/1955,678-415-5262,042 Fairfield Road,mleinweber8v@google.pl
321,Tiffie,Deners,5/20/1959,590-327-4232,2989 8th Drive,tdeners8w@symantec.com
322,Yuri,Sitwell,7/2/1979,575-330-5848,55 Mayer Center,ysitwell8x@cnn.com
323,Joaquin,Khosa,1/22/1983,837-146-6578,22 Pennsylvania Court,jkhosa8y@businessinsider.com
324,Nichole,Hector,12/13/1971,455-448-0591,9017 Emmet Parkway,nhector8z@ucoz.com
325,Cob,Caldeiro,8/9/1965,259-122-6608,889 Fulton Way,ccaldeiro90@nasa.gov
326,Amity,Radoux,2/1/1981,385-504-6018,48099 Mcbride Circle,aradoux91@wufoo.com
327,Thornie,Harford,3/23/1974,434-389-2285,82 Weeping Birch Terrace,tharford92@lycos.com
328,Wynnie,Leighfield,10/15/1964,235-982-4121,83582 Nova Center,wleighfield93@google.co.uk
329,Duffie,Smallcomb,5/2/1955,512-899-1380,7147 Anthes Circle,dsmallcomb94@bing.com
330,Lotty,Campes,5/31/1964,875-814-2569,0968 Messerschmidt Avenue,lcampes95@nytimes.com
331,Pearce,Chicchelli,10/17/1970,781-642-2012,2 Hollow Ridge Lane,pchicchelli96@cafepress.com
332,Tessi,Gravener,1/1/1979,586-777-0085,79876 Di Loreto Point,tgravener97@mlb.com
333,Riley,Geany,5/10/1980,308-789-8105,6965 Kennedy Point,rgeany98@gmpg.org
334,Page,Hollyard,11/15/1953,989-462-1758,62598 Carioca Way,phollyard99@ehow.com
335,Laura,Hinkins,7/27/1968,185-313-8346,4507 Victoria Road,lhinkins9a@moonfruit.com
336,Arri,Pye,9/2/1999,309-470-0721,41027 Lerdahl Pass,apye9b@independent.co.uk
337,Jules,Drennan,7/18/1979,925-355-3486,5859 Anhalt Drive,jdrennan9c@bbb.org
338,Murdock,Parbrook,7/19/1975,947-579-4005,904 Stone Corner Road,mparbrook9d@163.com
339,Craggy,Tilney,1/10/1989,412-664-1992,5 Scofield Road,ctilney9e@auda.org.au
340,Lucie,Rime,5/9/1967,453-461-7084,9 Johnson Court,lrime9f@cisco.com
341,Fayina,McWhinnie,6/19/1995,517-116-0638,54 Luster Pass,fmcwhinnie9g@mac.com
342,Franciskus,Mooreed,2/1/1961,674-806-3117,648 Main Center,fmooreed9h@ocn.ne.jp
343,Ruthi,Jovovic,10/2/1955,594-356-2602,0 Sloan Point,rjovovic9i@behance.net
344,Skye,Janeczek,7/28/1960,161-232-4061,37 Red Cloud Avenue,sjaneczek9j@blogspot.com
345,Meredeth,Gush,3/20/1967,655-191-2155,014 Village Green Drive,mgush9k@github.io
346,Torey,Trase,10/9/1983,819-321-3522,80731 4th Terrace,ttrase9l@yale.edu
347,Lindsey,Rattery,1/13/1953,460-518-8166,842 Hazelcrest Avenue,lrattery9m@amazon.com
348,Jessalyn,Scriviner,7/29/1959,277-249-5763,0 Alpine Circle,jscriviner9n@mozilla.com
349,Antonetta,Gilfoyle,3/28/2001,171-146-5060,16858 8th Court,agilfoyle9o@merriam-webster.com
350,Waly,Matteotti,9/24/1995,160-244-4720,8 Ronald Regan Center,wmatteotti9p@bandcamp.com
351,Mel,Sang,6/26/1954,118-851-4582,1829 Village Way,msang9q@google.co.uk
352,Maure,Trenouth,6/22/1955,353-341-8921,8979 Hayes Junction,mtrenouth9r@google.pl
353,Olenka,Jepps,6/24/1960,301-133-7195,851 Northport Street,ojepps9s@indiatimes.com
354,Kaylil,Peerman,7/16/1980,985-196-0164,618 Moulton Center,kpeerman9t@si.edu
355,Corney,Emmot,12/7/1998,331-522-3457,1651 Grover Junction,cemmot9u@livejournal.com
356,Chevalier,Colquit,9/2/1993,942-837-4264,84935 Roxbury Circle,ccolquit9v@nhs.uk
357,Phillida,Fanstone,9/9/1964,724-637-5311,2982 La Follette Pass,pfanstone9w@ft.com
358,Elisa,Biffin,8/3/1985,468-470-0820,3 Debs Junction,ebiffin9x@irs.gov
359,Shepperd,Elnaugh,6/14/1994,215-938-8661,04679 Kedzie Alley,selnaugh9y@shutterfly.com
360,Giacobo,Bartolomieu,3/24/1998,347-799-6257,110 Dexter Center,gbartolomieu9z@upenn.edu
361,Neely,Garbar,11/25/1973,363-941-0567,4 Saint Paul Point,ngarbara0@ibm.com
362,Cristen,Grevile,2/3/1992,432-881-7653,35 Caliangt Plaza,cgrevilea1@devhub.com
363,Keri,Gunstone,7/1/1991,429-139-2032,9538 Old Shore Circle,kgunstonea2@nature.com
364,Felita,Mathet,3/23/1988,399-508-0034,2 Sullivan Point,fmatheta3@bluehost.com
365,Thorpe,Fake,11/20/1952,153-748-6063,58376 Paget Street,tfakea4@wikimedia.org
366,Milly,Conquer,4/17/1955,488-648-0333,946 Golf Course Alley,mconquera5@reverbnation.com
367,Joel,Ivashechkin,11/28/1987,135-872-4097,4 Blue Bill Park Plaza,jivashechkina6@jiathis.com
368,Whitaker,Ianelli,10/12/1964,713-799-7382,014 Onsgard Alley,wianellia7@house.gov
369,Merla,Beggini,5/26/1961,198-236-6438,6815 Hollow Ridge Junction,mbegginia8@smh.com.au
370,Obie,Skeene,2/20/1981,843-986-3841,4944 Boyd Drive,oskeenea9@scientificamerican.com
371,Danny,Timmens,12/10/1953,439-715-9453,817 Barby Crossing,dtimmensaa@github.com
372,Marco,Gellan,8/17/1977,146-946-3372,25 Debs Court,mgellanab@hugedomains.com
373,Alejoa,Steffans,8/27/1991,732-814-3160,7 Bluejay Center,asteffansac@blogger.com
374,Jessi,Durrant,7/23/1950,948-602-8224,831 Dexter Place,jdurrantad@constantcontact.com
375,Rochell,Murgatroyd,11/5/1991,388-385-2858,58676 Hermina Junction,rmurgatroydae@creativecommons.org
376,Allen,Ricco,7/29/1990,117-152-3570,30 Westend Junction,ariccoaf@geocities.jp
377,Tanney,Hoppner,8/7/1986,107-801-5202,0 Dapin Place,thoppnerag@nps.gov
378,Bari,Vigneron,8/8/1992,292-994-3010,01194 Leroy Plaza,bvigneronah@intel.com
379,Lennard,Showering,1/22/1982,251-635-7856,33 Fulton Drive,lshoweringai@slate.com
380,Fleming,Kenworthey,1/12/1972,889-496-8573,40 Elgar Avenue,fkenwortheyaj@amazon.co.uk
381,Adrianna,Weeden,6/22/1993,374-640-1512,52 Pleasure Crossing,aweedenak@cnet.com
382,Dalis,Willetts,8/8/1985,428-224-4903,69078 Charing Cross Alley,dwillettsal@technorati.com
383,Juditha,Vasnev,5/14/1980,343-122-3002,75826 Division Crossing,jvasnevam@epa.gov
384,Bartholomew,Mordanti,9/18/1986,464-100-4399,4 Lighthouse Bay Drive,bmordantian@sun.com
385,Gertrudis,Danelut,12/31/1967,611-599-5095,67695 Sunfield Plaza,gdanelutao@ycombinator.com
386,Darrell,De la Eglise,12/2/1992,486-308-7735,2 Acker Plaza,ddelaegliseap@mail.ru
387,Kanya,Caron,3/24/1982,913-305-4710,00786 Del Mar Terrace,kcaronaq@devhub.com
388,Danya,Delacote,2/18/1971,284-382-8608,90 Mccormick Way,ddelacotear@addtoany.com
389,Geoffry,Garment,10/11/1980,189-949-4368,460 Petterle Way,ggarmentas@aol.com
390,Vinny,Leathart,4/8/1977,485-641-1172,200 Hauk Circle,vleathartat@mtv.com
391,Tore,Tuffin,6/20/1978,605-184-8659,52505 Dakota Place,ttuffinau@typepad.com
392,Adi,Cabane,10/1/1972,458-792-8742,01894 7th Point,acabaneav@mashable.com
393,Vikky,Dreakin,12/6/1983,514-653-4490,27919 International Trail,vdreakinaw@wikia.com
394,Wanda,Farncombe,6/14/1965,422-365-9221,4879 Darwin Avenue,wfarncombeax@buzzfeed.com
395,Saunderson,Skitteral,1/18/1985,935-566-1346,10887 Crownhardt Plaza,sskitteralay@artisteer.com
396,Grazia,Janse,12/17/1950,841-691-0369,4 Vera Point,gjanseaz@twitter.com
397,Tatiana,Seatter,5/8/1978,694-378-9946,024 Fuller Plaza,tseatterb0@hud.gov
398,Valeria,Soff,6/11/1992,420-178-3261,8 Farmco Way,vsoffb1@disqus.com
399,Brady,Seville,3/22/1992,884-753-0385,5948 Cody Crossing,bsevilleb2@sciencedaily.com
400,Gayelord,Goretti,7/7/1980,927-352-2408,5256 Bayside Center,ggorettib3@infoseek.co.jp
401,Kleon,Hacaud,4/19/1978,604-313-6094,622 Gale Park,khacaudb4@163.com
402,Kirby,Scheffler,12/1/1980,782-372-8089,555 Michigan Avenue,kschefflerb5@army.mil
403,Bryna,Ivanishchev,11/20/1981,242-639-6713,12365 Tomscot Alley,bivanishchevb6@reddit.com
404,Marys,Kippen,7/28/1978,859-391-9431,7 Boyd Circle,mkippenb7@google.ca
405,Conn,Bebis,8/29/1983,515-348-0304,62215 Fuller Road,cbebisb8@microsoft.com
406,Jephthah,Drohun,12/31/1989,321-378-7481,1428 Rutledge Court,jdrohunb9@wikispaces.com
407,Brok,Eagger,7/20/1965,906-953-7756,36467 Bartillon Plaza,beaggerba@geocities.jp
408,Angy,Sellan,3/19/1980,122-883-8341,734 Norway Maple Plaza,asellanbb@telegraph.co.uk
409,Sly,Kay,4/18/1979,701-629-9885,6699 Melrose Drive,skaybc@home.pl
410,Bat,Pendrich,3/11/1957,354-756-3945,2229 Jenna Way,bpendrichbd@narod.ru
411,Georgeanne,Yushachkov,1/13/1988,607-603-6868,8729 Mallory Court,gyushachkovbe@qq.com
412,Lorens,Thoumas,7/26/1969,787-102-5540,1158 David Junction,lthoumasbf@histats.com
413,Valentia,Ault,9/26/1993,141-463-3532,9 Glacier Hill Parkway,vaultbg@1und1.de
414,Mikey,Debrick,2/6/1992,648-920-6284,10201 Hayes Place,mdebrickbh@furl.net
415,Riobard,Louw,3/29/1958,609-937-8378,8619 Mcbride Way,rlouwbi@diigo.com
416,Winifield,Adame,7/19/1991,607-489-6643,775 Autumn Leaf Lane,wadamebj@geocities.jp
417,Edythe,Dooler,8/7/1965,827-617-1413,95 Golf Course Alley,edoolerbk@skyrock.com
418,Valma,Clarson,2/17/1994,955-577-3815,02 Grover Center,vclarsonbl@skyrock.com
419,Shae,Storre,9/10/1972,928-345-0860,06 Superior Road,sstorrebm@zimbio.com
420,Troy,Godbert,2/13/1963,446-385-4222,891 Moose Way,tgodbertbn@gizmodo.com
421,Heddie,MacGaughey,9/28/1991,967-849-7033,5 Pleasure Lane,hmacgaugheybo@nydailynews.com
422,Juli,Glendza,7/12/1964,426-590-8928,49280 Troy Center,jglendzabp@oaic.gov.au
423,Brandie,Bore,2/29/1984,939-200-1119,921 Sheridan Street,bborebq@meetup.com
424,Paulo,Hembery,6/2/1999,107-279-2815,744 Scofield Court,phemberybr@google.com.au
425,Alicia,Radclyffe,3/31/1980,631-238-1474,8770 Iowa Road,aradclyffebs@instagram.com
426,Hermia,Topling,9/22/1971,339-109-7120,8 Northwestern Place,htoplingbt@yandex.ru
427,Jordana,Fontell,9/30/1995,998-796-1663,13 Graedel Drive,jfontellbu@twitter.com
428,Adlai,Minci,10/25/2001,402-905-9934,27 Forster Junction,amincibv@boston.com
429,Al,McGawn,10/22/1993,226-625-0796,98899 Northfield Road,amcgawnbw@umich.edu
430,Bridget,Knighton,6/9/1986,497-310-6522,159 Eliot Pass,bknightonbx@amazon.co.jp
431,Mira,Phippard,3/24/1991,300-952-9719,7490 Johnson Hill,mphippardby@privacy.gov.au
432,Gisella,Glyne,5/18/2001,863-728-9259,4855 Blue Bill Park Trail,gglynebz@fema.gov
433,Crista,McNirlan,2/9/1985,810-962-1455,41395 Hovde Avenue,cmcnirlanc0@nymag.com
434,Cordie,Riggulsford,3/7/1977,263-101-9588,3 High Crossing Plaza,criggulsfordc1@google.fr
435,Ronalda,Stollenberg,5/2/1984,294-682-1272,5 Maple Crossing,rstollenbergc2@rediff.com
436,Stefania,Varlow,1/7/1973,995-196-7201,88 Orin Parkway,svarlowc3@cbslocal.com
437,Marylin,Strickland,7/6/1952,644-669-4867,602 Jana Way,mstricklandc4@ask.com
438,Kane,Jimmison,9/7/1995,763-118-3373,33203 Norway Maple Drive,kjimmisonc5@g.co
439,Karlie,Gebbie,12/15/1999,607-161-3600,97055 Blaine Circle,kgebbiec6@hud.gov
440,Monti,Warsop,6/18/1956,378-590-2755,77181 Bayside Center,mwarsopc7@hatena.ne.jp
441,Luther,Dowrey,5/12/1972,446-462-6813,3 Mosinee Circle,ldowreyc8@moonfruit.com
442,Meaghan,Andrzejewski,3/2/2002,239-795-6036,02503 Graceland Place,mandrzejewskic9@g.co
443,Frasquito,Paulo,4/30/1992,798-400-7315,2 Drewry Way,fpauloca@addtoany.com
444,Ricoriki,Giacomini,4/16/2002,816-870-1802,85609 Maple Wood Junction,rgiacominicb@tinypic.com
445,Fifi,Dimbylow,6/30/1978,530-234-9046,21 Jana Park,fdimbylowcc@china.com.cn
446,Archy,Farish,2/3/1983,204-918-5464,0891 Mockingbird Alley,afarishcd@statcounter.com
447,Laryssa,Byford,6/22/1968,670-750-8696,2542 Buell Park,lbyfordce@geocities.com
448,Adelind,Eldred,12/25/2000,385-661-2665,096 Bay Way,aeldredcf@liveinternet.ru
449,Eydie,Extence,12/18/1960,627-711-1364,0943 Golden Leaf Crossing,eextencecg@list-manage.com
450,Jaime,Martusov,11/9/1999,133-672-0980,0 Elka Point,jmartusovch@theglobeandmail.com
451,Tobi,Abrahamsen,11/12/1993,794-481-5260,9 Farmco Point,tabrahamsenci@blog.com
452,Nisse,Killford,12/27/1995,600-181-6258,88906 Hanover Lane,nkillfordcj@mail.ru
453,Durant,Justham,2/29/1984,504-267-2674,38985 Clemons Terrace,djusthamck@ted.com
454,Rosalia,Olden,3/11/1996,139-844-5037,7320 Golden Leaf Lane,roldencl@patch.com
455,Kippar,Bentje,11/14/1969,512-907-5306,3806 Randy Point,kbentjecm@wikispaces.com
456,Cathrine,Ladyman,2/4/1993,395-536-2020,9597 Birchwood Street,cladymancn@google.com.br
457,Enid,Normanvell,6/16/1985,727-512-6502,6 Daystar Road,enormanvellco@yelp.com
458,Guinna,Scothorn,8/31/1954,763-173-3218,6 Randy Parkway,gscothorncp@cnn.com
459,Karil,Piatto,8/22/2000,458-364-4242,6868 Sutteridge Lane,kpiattocq@ca.gov
460,Cathe,Bracer,12/20/1975,260-567-8610,535 Lake View Trail,cbracercr@sfgate.com
461,Matti,Dyment,7/15/1955,368-749-3444,1 Sutteridge Avenue,mdymentcs@storify.com
462,Neal,Caygill,7/4/1996,460-925-4098,68 Mayer Parkway,ncaygillct@virginia.edu
463,Regan,Tester,10/2/1962,226-294-1424,7 Ridge Oak Avenue,rtestercu@merriam-webster.com
464,Standford,Medling,9/23/1974,337-794-5504,0 Bobwhite Crossing,smedlingcv@pen.io
465,Merle,Barca,10/18/1950,249-111-7807,65377 Superior Hill,mbarcacw@goo.ne.jp
466,Hadrian,Trevance,11/6/1999,799-329-5742,87208 Linden Lane,htrevancecx@adobe.com
467,Sondra,Courtenay,1/27/1977,732-816-6105,72893 Oxford Circle,scourtenaycy@thetimes.co.uk
468,Aline,Cozby,2/13/1954,394-678-8079,90505 Judy Pass,acozbycz@goo.gl
469,Glenn,Muggach,3/30/2001,232-713-6769,25 Little Fleur Court,gmuggachd0@posterous.com
470,Constanta,Dolder,10/13/1962,412-832-6911,2562 Twin Pines Place,cdolderd1@youku.com
471,Rickey,Squibbes,1/14/1989,125-861-2490,2603 Elmside Trail,rsquibbesd2@mayoclinic.com
472,Paola,Volks,6/30/1991,878-248-5799,66191 Continental Plaza,pvolksd3@cisco.com
473,Ricky,Well,8/31/1961,106-847-7935,29295 Waywood Avenue,rwelld4@a8.net
474,Lynnell,Mustchin,1/6/1976,305-759-1557,73 Walton Junction,lmustchind5@weather.com
475,Urbano,Baskeyfied,1/15/1953,313-958-7891,76312 Walton Alley,ubaskeyfiedd6@vkontakte.ru
476,Lane,Shoutt,7/20/1992,777-342-8849,726 Leroy Point,lshouttd7@gravatar.com
477,Ariela,Ranklin,7/6/1955,434-947-4118,176 Browning Circle,aranklind8@wikipedia.org
478,Pandora,Cyson,9/3/1966,934-338-0086,0280 Daystar Park,pcysond9@reference.com
479,Loria,Dring,7/20/1962,925-933-8981,186 Anniversary Drive,ldringda@ifeng.com
480,Cristionna,Smale,2/15/1956,314-539-1850,54 Sunfield Terrace,csmaledb@cocolog-nifty.com
481,Benetta,Vasilkov,5/9/1971,665-469-4398,27357 Spohn Hill,bvasilkovdc@free.fr
482,Angelika,Klink,5/13/1998,680-824-4061,456 Maryland Hill,aklinkdd@bigcartel.com
483,Dougy,Alday,8/8/1984,470-899-3546,40339 Dixon Pass,daldayde@godaddy.com
484,Claudie,Torpie,2/14/1969,817-143-4776,5217 Northridge Court,ctorpiedf@google.co.jp
485,Belia,Jako,2/7/1968,566-148-7331,1 Morningstar Way,bjakodg@businessweek.com
486,Gratiana,Rootes,6/19/1990,237-238-0338,864 Monica Way,grootesdh@reference.com
487,Harbert,Mallabund,6/7/1984,683-192-3036,824 Monument Road,hmallabunddi@mit.edu
488,Karleen,Stanger,10/8/1951,751-806-4336,2857 West Way,kstangerdj@shinystat.com
489,Charline,Beddingham,1/28/1964,216-199-3142,904 Crownhardt Hill,cbeddinghamdk@npr.org
490,Sibella,Keslake,5/11/1973,211-443-5127,9 Karstens Terrace,skeslakedl@phoca.cz
491,Matthieu,Carney,12/19/1967,613-560-4448,8216 Maple Terrace,mcarneydm@sina.com.cn
492,Abner,Dyball,11/16/1982,410-572-8355,0 Killdeer Pass,adyballdn@stumbleupon.com
493,Joelle,Sutcliffe,4/16/1953,110-140-2006,460 Miller Court,jsutcliffedo@nba.com
494,Gael,Gergher,1/31/1985,643-916-6168,438 Mccormick Crossing,ggergherdp@dailymail.co.uk
495,Noak,Tiler,3/3/1978,796-317-5278,90105 Stang Hill,ntilerdq@vkontakte.ru
496,Benetta,Ege,3/21/2000,880-117-4315,679 Becker Way,begedr@narod.ru
497,Wendel,Gittus,5/16/1961,441-658-8278,63 Kedzie Circle,wgittusds@myspace.com
498,Anatol,Manilove,12/18/1956,888-500-7255,8743 Heffernan Lane,amanilovedt@mashable.com
499,Goldina,Yakubowicz,12/26/1989,458-831-6529,2 Union Center,gyakubowiczdu@hhs.gov
500,Joey,Menaul,6/5/1991,978-725-3592,479 Union Avenue,jmenauldv@ycombinator.com
501,Jaine,Hastewell,1/4/1981,839-391-5244,5 Victoria Street,jhastewelldw@bigcartel.com
502,Cherida,Ganders,6/6/1958,150-556-3921,6 Northland Avenue,cgandersdx@constantcontact.com
503,Cody,Dressel,6/11/1962,521-801-7831,8229 Pawling Road,cdresseldy@gizmodo.com
504,Twila,Mulford,2/23/2001,402-356-1853,4799 High Crossing Street,tmulforddz@google.co.jp
505,Rorie,Freeland,4/17/1966,286-964-4915,88340 Browning Park,rfreelande0@usatoday.com
506,Cortie,Hatliff,9/10/1976,865-108-3377,549 Gale Hill,chatliffe1@last.fm
507,Torrie,Kinnear,7/13/1989,470-476-2888,54377 Gale Hill,tkinneare2@livejournal.com
508,Chandra,Hardwick,2/23/1991,742-849-6011,3 Victoria Parkway,chardwicke3@shareasale.com
509,Micah,Martusov,10/17/1980,256-670-7995,91172 Brentwood Junction,mmartusove4@ibm.com
510,Elle,Clemon,8/2/1969,878-617-6558,8229 Arapahoe Lane,eclemone5@geocities.jp
511,Larina,Bunworth,5/23/1954,136-304-6580,2 Hintze Parkway,lbunworthe6@columbia.edu
512,Loy,Domotor,4/13/1970,805-824-4638,188 Summer Ridge Junction,ldomotore7@npr.org
513,Valeda,Beakes,12/21/1971,879-944-5536,36974 Pine View Center,vbeakese8@github.io
514,Bernie,Tremberth,9/10/1996,554-389-2301,85516 Larry Trail,btremberthe9@mapy.cz
515,Reinhold,Varker,5/30/2001,314-118-6541,16771 Toban Crossing,rvarkerea@networksolutions.com
516,Mariel,Wortman,8/4/1966,973-659-3395,3 Esker Avenue,mwortmaneb@digg.com
517,Gian,Molnar,6/13/1961,991-391-4136,4 Debra Place,gmolnarec@yahoo.com
518,Tony,Havill,1/27/1997,550-596-3507,8846 Blackbird Way,thavilled@cbslocal.com
519,Fran,Amiable,3/5/1993,928-782-1862,980 Paget Plaza,famiableee@elegantthemes.com
520,Pavel,Skilton,10/12/1983,606-924-3607,6814 Ryan Parkway,pskiltonef@hatena.ne.jp
521,Kissie,Skellon,11/6/1988,561-444-7971,0 Clyde Gallagher Crossing,kskelloneg@digg.com
522,Janene,Shipcott,10/18/1972,999-608-4223,8722 Saint Paul Crossing,jshipcotteh@merriam-webster.com
523,Ivonne,O'Shee,12/20/1958,830-537-0791,2 Everett Center,iosheeei@skyrock.com
524,Holly,Corkish,10/19/1954,828-245-2401,9 Lerdahl Center,hcorkishej@buzzfeed.com
525,Ingmar,Blanckley,8/30/1988,864-997-1711,90 Eliot Drive,iblanckleyek@sitemeter.com
526,Luci,Dun,5/5/1975,691-225-4596,40692 Jenifer Junction,ldunel@youku.com
527,Pearla,Battson,4/2/1956,643-774-0137,7 Sloan Terrace,pbattsonem@exblog.jp
528,Verge,Sirkett,8/7/1954,357-605-0464,0 Monterey Plaza,vsirketten@state.gov
529,Jess,Gauntley,7/5/1970,505-796-6972,22294 Lerdahl Plaza,jgauntleyeo@bloomberg.com
530,Terri,Ayris,5/22/1952,666-383-6317,6544 Hoard Alley,tayrisep@ovh.net
531,Klaus,Algate,12/25/1952,512-644-6761,851 School Plaza,kalgateeq@g.co
532,Janis,Arsey,5/2/1984,747-174-2986,7 Swallow Avenue,jarseyer@disqus.com
533,Buckie,Nazareth,3/28/2002,938-124-6623,87675 Bluejay Lane,bnazarethes@npr.org
534,Teodora,Vobes,1/1/1977,374-844-0500,6 Myrtle Terrace,tvobeset@slate.com
535,Darryl,Sancho,7/20/1953,674-499-5523,29553 Northland Way,dsanchoeu@wunderground.com
536,Russell,Fardy,7/28/1974,554-343-1969,186 Lake View Street,rfardyev@examiner.com
537,Marlee,McKinley,5/13/1986,828-158-2999,03234 Ramsey Trail,mmckinleyew@pinterest.com
538,Kimball,Lait,5/6/2001,367-226-3007,6 Hazelcrest Junction,klaitex@apple.com
539,Merrielle,Burdess,10/13/1973,430-977-5600,7 Glacier Hill Parkway,mburdessey@studiopress.com
540,Aurelea,Steers,5/16/1962,418-399-4523,6 Charing Cross Court,asteersez@tripod.com
541,Wallis,Fifield,2/10/1966,885-632-4920,7 Becker Alley,wfifieldf0@rambler.ru
542,Mareah,McGrowther,11/12/1990,356-900-2948,444 Washington Trail,mmcgrowtherf1@businesswire.com
543,Giffie,Normansell,6/19/1985,744-700-5180,4406 Declaration Alley,gnormansellf2@vkontakte.ru
544,Carlynne,Sayse,7/27/1980,933-205-8831,12202 Heffernan Road,csaysef3@bloglines.com
545,Arlena,Shekle,5/15/1979,749-622-3243,7399 Brown Alley,asheklef4@moonfruit.com
546,Neala,Topes,6/24/1951,823-632-5030,07 Randy Alley,ntopesf5@google.nl
547,Libbey,Corkhill,9/1/1977,545-653-8719,73 Grim Place,lcorkhillf6@businessinsider.com
548,Boigie,Lie,2/21/1975,730-468-0365,82562 Bowman Drive,blief7@fema.gov
549,Jedidiah,Figgs,12/28/1990,865-592-1990,5223 Shasta Pass,jfiggsf8@sbwire.com
550,Saul,Petters,7/7/1951,755-869-7269,15941 Merry Trail,spettersf9@so-net.ne.jp
551,Bo,Navaro,10/25/1960,475-316-1475,7164 Bunting Parkway,bnavarofa@jigsy.com
552,Jimmy,Ingles,2/4/1960,475-391-1328,1255 Loeprich Lane,jinglesfb@biblegateway.com
553,Deloria,Castle,8/30/1960,147-312-1960,564 Commercial Terrace,dcastlefc@accuweather.com
554,Crista,Vaines,4/8/2002,302-955-9365,3884 Schurz Trail,cvainesfd@devhub.com
555,Alic,Petrescu,9/7/1980,759-901-0114,19 1st Circle,apetrescufe@pinterest.com
556,Yancey,Lovel,12/7/1984,860-958-0164,79455 Birchwood Drive,ylovelff@dot.gov
557,Falkner,Caldwell,4/5/1994,822-896-8244,7 Thierer Alley,fcaldwellfg@bizjournals.com
558,Paddie,Lindgren,5/30/1959,290-119-0868,700 Center Circle,plindgrenfh@prweb.com
559,Bordie,Gasking,8/11/1981,277-625-1426,25 Basil Circle,bgaskingfi@deliciousdays.com
560,Audrey,Breeze,7/23/1966,330-976-5478,140 Northport Place,abreezefj@unblog.fr
561,Karlis,Veare,8/3/1963,820-222-2410,9654 Dixon Pass,kvearefk@hud.gov
562,Clifford,Brailey,6/28/1960,280-379-4068,5 Ruskin Drive,cbraileyfl@time.com
563,Charo,Broadbury,8/1/1980,653-530-9958,62268 Elgar Point,cbroadburyfm@cbslocal.com
564,Nealson,MacMenamy,11/7/1954,773-208-8958,9 Johnson Park,nmacmenamyfn@ucsd.edu
565,Ker,Pistol,7/22/1970,146-676-3683,83944 Westridge Drive,kpistolfo@themeforest.net
566,Francklin,Heffernan,3/19/1955,989-290-9953,383 Dakota Court,fheffernanfp@census.gov
567,Fernanda,Borton,11/12/1989,480-510-8722,1705 Glacier Hill Parkway,fbortonfq@gov.uk
568,Breanne,Swannell,2/15/1974,741-395-9624,31 Commercial Terrace,bswannellfr@smh.com.au
569,Montague,Dowzell,2/5/1993,951-792-6958,948 Sage Road,mdowzellfs@scribd.com
570,Corene,Harrhy,10/5/1991,772-719-0391,14 Spenser Drive,charrhyft@chicagotribune.com
571,Horton,Easson,5/3/1987,204-234-0945,502 Burrows Point,heassonfu@apache.org
572,Gladi,Snape,7/30/1972,615-450-3799,13 Nova Point,gsnapefv@last.fm
573,Vladamir,Scottrell,5/21/1950,445-678-6045,0 Fulton Crossing,vscottrellfw@hexun.com
574,Jonas,Halshaw,11/8/1996,752-404-6265,1 Pepper Wood Parkway,jhalshawfx@typepad.com
575,Eddy,Cotelard,12/9/1987,705-860-2270,9 Village Green Point,ecotelardfy@ihg.com
576,Carline,Keling,1/5/1958,669-375-7905,9 Sloan Parkway,ckelingfz@psu.edu
577,Ebonee,Elsy,5/12/1996,446-474-6992,1989 Express Circle,eelsyg0@elegantthemes.com
578,Chan,Campes,6/1/1976,254-440-4183,94 Pawling Place,ccampesg1@umich.edu
579,Trixi,Aleksashin,4/8/1961,541-164-5977,61 Sachs Pass,taleksashing2@seesaa.net
580,Sonja,Cords,1/11/1968,579-382-3633,50096 Village Green Parkway,scordsg3@php.net
581,Ernestus,Galbreath,6/29/1964,579-764-8322,7 Esch Junction,egalbreathg4@i2i.jp
582,Horatio,Ubsdall,4/16/1968,447-432-3867,98 Sunfield Way,hubsdallg5@blogtalkradio.com
583,Alyosha,Twigger,5/15/1956,166-240-3822,56 Monument Street,atwiggerg6@cnn.com
584,Larry,Conley,2/29/1996,792-472-4097,4 Algoma Alley,lconleyg7@google.fr
585,Fredrick,Walentynowicz,2/18/1996,790-650-3279,901 Lukken Park,fwalentynowiczg8@hatena.ne.jp
586,Tyson,Torre,5/14/2001,233-147-1558,6 Sage Junction,ttorreg9@pen.io
587,Seymour,Swannell,3/24/1979,743-987-4315,5 Thierer Lane,sswannellga@hatena.ne.jp
588,Virge,Yakubov,5/15/1956,371-361-1826,3280 Mendota Point,vyakubovgb@biblegateway.com
589,Bartolomeo,Deely,4/14/1991,422-433-7622,572 Meadow Vale Point,bdeelygc@skyrock.com
590,Bartholomeo,Branchflower,5/21/1969,529-981-5481,39504 Lake View Junction,bbranchflowergd@theguardian.com
591,Myrtia,Struttman,7/19/1970,434-320-0417,280 Little Fleur Lane,mstruttmange@epa.gov
592,Cynde,Lulham,2/5/1992,444-896-3428,05049 Raven Circle,clulhamgf@stanford.edu
593,Hayyim,D'Acth,6/18/1990,557-376-0799,55219 Sachs Court,hdacthgg@scientificamerican.com
594,Steffi,Blackboro,2/15/2002,252-149-5960,851 Rieder Avenue,sblackborogh@oracle.com
595,Rozelle,Lismer,12/3/1976,733-762-7232,09 Graceland Center,rlismergi@unc.edu
596,Gabrila,Schwandermann,4/24/2000,889-741-5390,1 Spohn Avenue,gschwandermanngj@weebly.com
597,Valaree,Hockey,11/19/1996,445-122-2722,225 Harper Lane,vhockeygk@cbc.ca
598,Jamey,Papierz,8/19/1989,305-760-3227,4 Dennis Road,jpapierzgl@github.io
599,Bert,Baggelley,4/5/1984,469-710-1979,082 Hintze Lane,bbaggelleygm@dropbox.com
600,Moe,Fanstone,3/4/1975,499-437-8572,771 Kensington Point,mfanstonegn@hubpages.com
601,Tybi,Klaes,5/2/1957,221-597-0088,0269 Sunnyside Place,tklaesgo@biblegateway.com
602,Laureen,Hughf,12/4/1987,984-702-4767,7 Tomscot Circle,lhughfgp@seattletimes.com
603,Tandie,Girke,3/12/2001,779-317-0005,6 North Parkway,tgirkegq@ask.com
604,Othilie,Broadbear,11/21/1981,587-219-0994,6319 Towne Hill,obroadbeargr@mediafire.com
605,Brana,Brettell,9/6/1977,224-188-7722,857 Fairfield Lane,bbrettellgs@ted.com
606,Callean,Oleszcuk,8/18/1995,551-750-1744,14751 Artisan Place,coleszcukgt@wikispaces.com
607,Pearle,Pevie,8/29/1962,962-313-7186,9263 Clyde Gallagher Place,ppeviegu@gizmodo.com
608,Hyacinthe,Downham,3/12/1957,248-901-3036,20942 Melvin Alley,hdownhamgv@gnu.org
609,Doralin,Wignall,9/13/1973,840-148-8150,20544 Montana Center,dwignallgw@yahoo.co.jp
610,Cherri,McCrum,7/11/1966,696-441-7662,1 Duke Lane,cmccrumgx@dailymotion.com
611,Trueman,Bordiss,12/12/1965,950-136-3612,12 Spohn Circle,tbordissgy@fastcompany.com
612,Sorcha,Blomefield,4/6/1971,398-365-8262,9882 Roxbury Way,sblomefieldgz@xrea.com
613,Kelly,Cabrer,4/27/1955,599-600-0947,47 International Way,kcabrerh0@addtoany.com
614,Nettie,Schukert,1/4/1952,772-509-7618,5524 Judy Circle,nschukerth1@discuz.net
615,Huntlee,Akroyd,9/2/1986,277-167-3854,3505 Nelson Center,hakroydh2@yahoo.com
616,Worthy,Gookey,9/21/1973,262-169-3960,912 Rockefeller Avenue,wgookeyh3@google.com.au
617,Conny,Le Frank,11/5/1995,995-447-3911,128 Maywood Circle,clefrankh4@facebook.com
618,Berty,Lindeman,2/25/1975,658-432-4810,1790 Acker Alley,blindemanh5@deviantart.com
619,Tracy,Garlant,7/23/1991,925-102-7839,3607 Claremont Terrace,tgarlanth6@ca.gov
620,Emmy,Maciaszczyk,11/21/1985,511-800-9966,85874 Hauk Lane,emaciaszczykh7@jalbum.net
621,Jacquelin,Wetter,7/18/1994,170-951-5130,24 Mitchell Terrace,jwetterh8@ted.com
622,Lloyd,Fairlem,5/1/1976,439-934-5943,88885 Shoshone Street,lfairlemh9@freewebs.com
623,Marlyn,Albasini,4/18/1974,230-721-7988,3 Coolidge Street,malbasiniha@4shared.com
624,Rance,Rawlence,12/10/1999,732-579-5870,27 Loftsgordon Trail,rrawlencehb@barnesandnoble.com
625,Beck,Belleny,5/24/1999,576-181-2819,8498 Buell Court,bbellenyhc@ehow.com
626,Hestia,Marchelli,7/14/1969,751-604-3717,4211 Elmside Trail,hmarchellihd@wired.com
627,Clem,Stoggell,11/23/1960,842-490-1367,7 Mitchell Crossing,cstoggellhe@whitehouse.gov
628,Gerhard,Wing,3/13/1963,880-589-6770,79123 Fairfield Center,gwinghf@hugedomains.com
629,Dorothee,Chesher,9/13/1977,214-166-4126,88 Iowa Plaza,dchesherhg@webnode.com
630,Fons,Andriulis,7/29/2001,807-370-1012,01 Oak Way,fandriulishh@sun.com
631,Cynde,Knaggs,1/10/1962,263-996-9197,573 Green Center,cknaggshi@reverbnation.com
632,Novelia,Bilt,5/1/1961,897-384-5233,60 Clove Way,nbilthj@intel.com
633,Marilee,Wrixon,10/26/1997,524-724-2037,7 Loeprich Drive,mwrixonhk@fc2.com
634,Electra,Argile,7/15/1966,288-537-8867,24 School Alley,eargilehl@google.es
635,Ash,Lavrinov,6/2/2000,594-370-6804,216 Saint Paul Point,alavrinovhm@google.co.uk
636,Carlie,Ubach,8/24/1954,975-458-0161,55906 Barnett Way,cubachhn@msn.com
637,Emmit,Stebbings,8/5/1960,149-538-4784,5 Banding Plaza,estebbingsho@nature.com
638,Nicolea,Possa,11/18/1971,689-886-6909,2468 David Avenue,npossahp@scribd.com
639,Eugenie,Healings,3/20/1970,322-585-3351,6490 Hazelcrest Lane,ehealingshq@elpais.com
640,Wallis,Peye,4/10/1957,218-584-7009,71583 Arapahoe Avenue,wpeyehr@ucla.edu
641,Gay,Stork,11/27/1984,425-958-7899,0 American Place,gstorkhs@icio.us
642,Louisette,Vassbender,11/23/1998,384-570-9562,18667 Bellgrove Way,lvassbenderht@cmu.edu
643,Leonora,Keel,3/17/1988,982-438-2096,483 Vernon Trail,lkeelhu@weebly.com
644,Mady,Gamon,2/23/1966,883-623-9248,03 Manitowish Crossing,mgamonhv@bloglines.com
645,Mariya,Bage,4/22/1980,539-351-2207,4035 Homewood Alley,mbagehw@topsy.com
646,Ellsworth,Meale,3/23/1987,710-579-7699,55236 Sage Avenue,emealehx@samsung.com
647,Axe,Colbertson,9/4/1985,327-922-4606,6 Northfield Terrace,acolbertsonhy@fema.gov
648,Claresta,Fergusson,10/19/1975,239-575-4196,9 Alpine Alley,cfergussonhz@accuweather.com
649,Chery,Rebichon,12/18/1957,163-802-0592,2 Melby Avenue,crebichoni0@netlog.com
650,Maura,Burren,11/13/1953,232-881-3942,670 Novick Court,mburreni1@tiny.cc
651,Dwayne,Headley,11/3/1952,109-640-2085,8655 Wayridge Drive,dheadleyi2@ibm.com
652,Karrah,Patek,11/11/2000,823-611-0638,7697 Florence Crossing,kpateki3@myspace.com
653,Asia,Waddoups,1/24/1951,133-330-0083,0 Continental Street,awaddoupsi4@bandcamp.com
654,Marni,Prati,1/31/1979,458-345-9539,74 Elmside Center,mpratii5@360.cn
655,Leighton,Sapey,8/6/1957,695-533-9372,502 Prairie Rose Point,lsapeyi6@bbb.org
656,Bradly,Acres,12/7/1956,936-450-8199,5 Basil Road,bacresi7@usnews.com
657,Ericka,Rhead,3/21/1997,506-934-4079,556 Vahlen Point,erheadi8@hugedomains.com
658,Auberon,Gowanlock,10/23/1958,861-454-2892,5 Pierstorff Point,agowanlocki9@google.ca
659,Melody,Mews,4/1/1990,287-782-0683,465 Michigan Way,mmewsia@dailymail.co.uk
660,Torrie,Hindshaw,5/11/1973,229-624-2223,6 Mifflin Pass,thindshawib@mozilla.com
661,Opal,Vondrasek,10/22/1995,700-838-1404,0623 Lunder Hill,ovondrasekic@foxnews.com
662,Marius,Westlake,4/12/1980,167-338-6314,836 Clyde Gallagher Road,mwestlakeid@ucoz.ru
663,Cale,Weld,8/5/1953,981-742-4323,5 Burrows Crossing,cweldie@cbc.ca
664,Faber,Vedenyapin,10/19/1959,901-546-3719,0349 7th Avenue,fvedenyapinif@cdbaby.com
665,Clementina,Vassman,10/24/1981,991-317-4124,9282 Spenser Junction,cvassmanig@admin.ch
666,Ferguson,Carreyette,10/10/1971,232-790-0026,22 Arizona Avenue,fcarreyetteih@baidu.com
667,Silvan,Liggons,5/5/1982,323-388-9728,6 Green Ridge Junction,sliggonsii@jugem.jp
668,Luella,Benadette,8/1/1980,691-397-7485,7956 Thackeray Drive,lbenadetteij@networkadvertising.org
669,Etti,Echallier,2/20/2000,231-951-6668,3 Havey Parkway,eechallierik@wordpress.com
670,Evelyn,Bratchell,11/15/1974,923-139-4217,390 Morningstar Crossing,ebratchellil@zimbio.com
671,Keslie,Pindar,2/6/2001,416-536-7414,13 Kingsford Court,kpindarim@squidoo.com
672,Igor,Baugham,7/1/1955,577-564-9912,14101 Montana Court,ibaughamin@ucsd.edu
673,Nolan,Werndly,2/15/1963,900-362-0972,5 Northwestern Road,nwerndlyio@wix.com
674,Mame,Feaveer,8/12/1980,249-203-8565,1231 Dawn Road,mfeaveerip@mediafire.com
675,Luci,Dybbe,3/16/1970,998-722-4291,903 Harbort Center,ldybbeiq@yale.edu
676,Lek,Lawden,1/26/1978,218-134-8633,8 Fremont Trail,llawdenir@blogger.com
677,Thane,Grasser,5/23/1965,542-265-1023,4751 Monument Trail,tgrasseris@fotki.com
678,Hollie,Aleksandrov,12/12/2000,370-580-6232,4819 Basil Pass,haleksandrovit@stumbleupon.com
679,Lydon,Skullet,5/10/1972,278-735-2024,544 Shasta Crossing,lskulletiu@macromedia.com
680,Linnet,Sparkwill,5/27/1954,118-173-8959,6 Village Green Lane,lsparkwilliv@prlog.org
681,Pedro,Yarker,5/1/1956,968-469-5820,0194 Schurz Circle,pyarkeriw@liveinternet.ru
682,Bax,Erbe,9/9/1956,355-196-2017,95137 Blackbird Alley,berbeix@bbc.co.uk
683,Bessy,Mewhirter,12/20/1997,436-790-7513,23 Iowa Junction,bmewhirteriy@bloomberg.com
684,Colette,Grimsey,7/30/1956,493-609-2887,493 Dexter Plaza,cgrimseyiz@ucla.edu
685,Dawna,Loins,5/5/1957,735-760-0111,7 Luster Center,dloinsj0@plala.or.jp
686,Lindi,Doyle,12/5/1959,767-609-9504,0 Bonner Avenue,ldoylej1@sina.com.cn
687,Cyrus,Garey,10/1/1953,518-751-8627,99042 Sundown Pass,cgareyj2@amazonaws.com
688,Hilda,Arlow,4/29/2000,292-351-2486,03 Lawn Court,harlowj3@smugmug.com
689,Rowland,Littrick,1/22/1990,105-928-0825,96564 Stephen Place,rlittrickj4@list-manage.com
690,Kerrill,Bram,10/24/1990,359-981-8531,39 Cascade Center,kbramj5@cdbaby.com
691,Ayn,Ormshaw,11/29/1985,283-863-3621,740 Northfield Alley,aormshawj6@4shared.com
692,Julius,Izhaky,12/29/1979,762-112-0770,1396 Jenifer Court,jizhakyj7@cornell.edu
693,Thornton,Owain,7/13/1950,785-530-0295,710 Ramsey Place,towainj8@hubpages.com
694,Georgianna,Pedgrift,5/5/1995,185-432-6446,4059 Homewood Road,gpedgriftj9@cisco.com
695,Brittani,Hammerman,6/16/1977,660-715-4979,15 Stone Corner Road,bhammermanja@exblog.jp
696,Leroi,Mahy,2/7/1979,809-331-9268,97 Banding Court,lmahyjb@go.com
697,Izak,Seiller,9/22/1985,126-518-5709,332 Esch Point,iseillerjc@ox.ac.uk
698,Solomon,Degan,9/14/1963,372-251-2838,72628 Oneill Drive,sdeganjd@salon.com
699,Creight,Speere,9/26/1992,149-708-3102,7 Pawling Pass,cspeereje@people.com.cn
700,Bonnee,MacBain,1/17/1988,147-162-1153,263 Manufacturers Parkway,bmacbainjf@princeton.edu
701,Kimbell,Birley,10/10/1968,515-376-9921,5 Hintze Avenue,kbirleyjg@myspace.com
702,Adrienne,Cuphus,4/16/1999,505-906-4076,571 Gerald Avenue,acuphusjh@squidoo.com
703,Esta,Sherwell,12/11/1971,383-689-5137,0 Dakota Center,esherwellji@example.com
704,Florencia,Murricanes,10/9/1976,537-651-6157,4 Manley Park,fmurricanesjj@woothemes.com
705,Royall,Crosston,10/29/1989,284-350-8558,72 Dahle Road,rcrosstonjk@arizona.edu
706,Olly,McGettigan,10/4/1983,504-763-2727,20145 Lyons Circle,omcgettiganjl@simplemachines.org
707,Sanderson,Schenfisch,1/18/1992,786-262-5479,6 Atwood Place,sschenfischjm@china.com.cn
708,Hilton,Folli,2/22/1972,490-117-0967,33956 Marcy Place,hfollijn@ox.ac.uk
709,Demetri,Penman,12/2/1963,774-976-2447,292 Lunder Avenue,dpenmanjo@fda.gov
710,Daffy,Rack,11/16/1973,643-462-8293,7 La Follette Terrace,drackjp@symantec.com
711,Aline,Weyland,3/29/2000,181-772-3456,3285 Katie Place,aweylandjq@symantec.com
712,Randene,Pencost,12/15/2000,358-609-9050,840 Morningstar Circle,rpencostjr@oakley.com
713,Cleveland,Bayfield,7/5/1992,699-440-9535,78 Butterfield Alley,cbayfieldjs@lycos.com
714,Stefanie,Ruddock,3/13/1969,619-374-5926,09 Cambridge Pass,sruddockjt@java.com
715,Conney,Byford,3/11/1951,426-472-6749,1503 Blue Bill Park Center,cbyfordju@trellian.com
716,Elisabetta,Freer,9/6/1960,752-943-0048,85544 Sycamore Terrace,efreerjv@joomla.org
717,Kelsey,Triggs,6/27/1970,301-179-0150,64 Amoth Lane,ktriggsjw@booking.com
718,Vonni,Longstaffe,1/20/1960,692-337-6077,07593 Shasta Park,vlongstaffejx@opera.com
719,Avictor,Towson,8/6/1969,551-291-8153,47 Declaration Lane,atowsonjy@networkadvertising.org
720,Gusta,Marrion,12/26/1970,374-676-2587,82525 Nevada Place,gmarrionjz@youtu.be
721,Thibaud,Siddele,11/22/1964,684-203-0710,020 Chive Circle,tsiddelek0@nytimes.com
722,Kristo,Segar,5/25/1995,124-939-1424,5119 Vermont Alley,ksegark1@uol.com.br
723,Gavin,Sedgemore,10/12/1951,966-978-5301,7004 Talisman Place,gsedgemorek2@shutterfly.com
724,Mechelle,Hardson,7/27/1993,764-603-2929,3230 Eastlawn Center,mhardsonk3@adobe.com
725,Clea,Harlin,5/4/1987,642-517-9982,95 Bowman Place,charlink4@feedburner.com
726,Brigham,Chadbourn,4/27/1967,829-282-3007,09 Milwaukee Drive,bchadbournk5@squarespace.com
727,Codee,Lindsley,3/29/1951,692-857-9756,0169 Hazelcrest Way,clindsleyk6@jimdo.com
728,Gaston,Ingray,11/20/1988,974-525-8887,339 Harbort Junction,gingrayk7@people.com.cn
729,Che,McGilvra,1/11/1985,737-727-3702,67803 Brown Crossing,cmcgilvrak8@booking.com
730,Edgard,Khadir,5/12/1951,431-937-6505,8 Mosinee Avenue,ekhadirk9@issuu.com
731,Barr,Altree,8/9/1996,599-213-1653,35439 South Court,baltreeka@ft.com
732,Pepi,Coxhead,8/6/1972,946-264-8172,0460 Hazelcrest Terrace,pcoxheadkb@constantcontact.com
733,Cinnamon,De Banke,3/31/1975,494-364-8264,13643 Shelley Street,cdebankekc@weebly.com
734,Isacco,Trenchard,10/3/1993,952-548-8585,1 Hintze Way,itrenchardkd@themeforest.net
735,Tomkin,Roubottom,5/26/1993,760-739-4313,909 Magdeline Circle,troubottomke@cnn.com
736,Nicolis,Manssuer,5/15/1959,220-820-0789,85 Quincy Center,nmanssuerkf@mediafire.com
737,Jesse,Rawlings,1/3/1972,912-833-8707,4 Aberg Circle,jrawlingskg@miitbeian.gov.cn
738,Cookie,Burchatt,5/14/1951,181-221-5123,91216 Hintze Pass,cburchattkh@bloglovin.com
739,Vicki,Castledine,8/7/1994,329-663-2210,7419 Burrows Park,vcastledineki@comcast.net
740,Drucy,Yuryshev,3/2/1987,678-842-7972,30 Birchwood Court,dyuryshevkj@hud.gov
741,Mile,Laidlow,10/2/1953,501-529-4919,6 Sundown Lane,mlaidlowkk@ask.com
742,Cathleen,Perell,11/11/1993,858-229-3258,9 School Trail,cperellkl@edublogs.org
743,Mellisent,Sherer,8/8/1967,110-406-6196,5 Banding Way,mshererkm@ihg.com
744,Linda,Gartshore,1/22/1984,523-399-6066,3 Springview Pass,lgartshorekn@nymag.com
745,Sheppard,Yakovlev,2/4/1953,394-349-0047,7469 Lukken Avenue,syakovlevko@live.com
746,Clementina,Sweetsur,7/4/1965,159-372-5868,1 Tennyson Avenue,csweetsurkp@bing.com
747,Pepe,Stiggles,4/20/1977,498-559-7508,98 Barnett Road,pstiggleskq@wsj.com
748,Pernell,Conklin,5/23/1984,700-878-2235,536 Paget Hill,pconklinkr@github.com
749,Joeann,Rehorek,12/28/1994,722-254-6116,5886 Hudson Drive,jrehorekks@cdc.gov
750,Art,Marrion,4/19/1958,256-285-3758,3889 Thackeray Parkway,amarrionkt@flavors.me
751,Kari,Osmar,11/4/1988,312-462-9683,09 Brickson Park Pass,kosmarku@hibu.com
752,Idalina,Spurret,10/12/1967,545-794-2258,2 Hintze Court,ispurretkv@intel.com
753,Rey,Minero,5/2/1996,144-191-1263,745 Dahle Circle,rminerokw@apple.com
754,Chrysler,Lonie,6/9/1975,530-937-0653,5 Garrison Trail,cloniekx@mac.com
755,Bev,Van Merwe,1/13/1964,980-822-8667,4318 Clyde Gallagher Street,bvanmerweky@ebay.com
756,Juli,Kenneway,9/14/1958,545-645-3668,17486 Hallows Park,jkennewaykz@utexas.edu
757,Klarika,Divver,12/10/1957,508-821-1505,7 Memorial Road,kdivverl0@nbcnews.com
758,Marcellus,Carik,2/5/2000,411-492-6378,1 Dawn Junction,mcarikl1@si.edu
759,Alix,Rapa,8/16/1992,788-545-4114,06 Colorado Lane,arapal2@bloglovin.com
760,Jorry,Friett,2/3/1988,564-698-8344,7362 Milwaukee Plaza,jfriettl3@youtu.be
761,Simona,Lamberts,4/16/1961,918-524-0968,100 Monterey Road,slambertsl4@seattletimes.com
762,Babb,Beddon,4/8/1958,673-435-1565,0248 Golf View Park,bbeddonl5@etsy.com
763,Alric,Beddis,2/1/1952,210-903-5249,96 Paget Court,abeddisl6@dagondesign.com
764,Martino,Scade,3/3/1997,890-364-2754,4056 Bonner Parkway,mscadel7@opera.com
765,Lucila,Grinstead,6/28/1993,453-862-7486,20043 Hermina Road,lgrinsteadl8@cornell.edu
766,Thibaut,MacKill,1/20/1977,245-761-5673,79715 Fairfield Avenue,tmackilll9@icio.us
767,Maribeth,Suttie,11/29/1955,627-985-8240,3 Cottonwood Lane,msuttiela@sbwire.com
768,Biron,Pinkerton,3/15/1959,470-842-2615,562 Mayfield Court,bpinkertonlb@liveinternet.ru
769,Ranique,Francom,10/4/1967,546-163-2669,0 Jenifer Park,rfrancomlc@phpbb.com
770,Siegfried,Spalls,6/24/1999,224-649-4103,483 Golf View Terrace,sspallsld@amazon.com
771,Pierette,Crafter,7/28/1961,763-844-9017,56371 Lien Circle,pcrafterle@ow.ly
772,Cam,Neising,11/13/1963,195-247-7414,9 Golf Course Parkway,cneisinglf@dailymotion.com
773,Ewan,Christophers,8/12/1963,308-702-3024,6753 Duke Parkway,echristopherslg@indiegogo.com
774,Jo-anne,Forsbey,5/28/1978,663-888-6955,010 Caliangt Plaza,jforsbeylh@t-online.de
775,Marsha,Chatburn,12/15/1954,415-792-1690,1 Talisman Parkway,mchatburnli@usda.gov
776,Pamella,Pesak,1/9/1971,562-874-2464,02807 Granby Crossing,ppesaklj@usgs.gov
777,Art,Cleiment,11/5/1986,794-800-4733,57238 Gerald Street,acleimentlk@blinklist.com
778,Mahala,Cheverton,11/23/1958,149-275-1608,928 Moose Park,mchevertonll@ebay.com
779,Gerrie,Griss,2/3/1961,459-692-0210,6084 Cardinal Point,ggrisslm@a8.net
780,Nickey,Roseaman,9/4/1988,672-191-9705,63508 Buena Vista Park,nroseamanln@nbcnews.com
781,Edie,Collett,7/9/1994,381-890-7546,47957 Iowa Parkway,ecollettlo@usnews.com
782,Del,Fraczak,8/31/1974,445-496-7301,03 Kingsford Crossing,dfraczaklp@is.gd
783,Ingunna,Ferbrache,9/16/1967,505-296-0798,219 Boyd Street,iferbrachelq@feedburner.com
784,Camel,Yedall,4/3/1987,256-197-5451,9684 Shasta Circle,cyedalllr@elegantthemes.com
785,Burgess,Diament,8/8/1964,375-278-8349,2 Helena Lane,bdiamentls@webmd.com
786,Barclay,Rape,3/8/1963,141-177-0434,1 Jana Pass,brapelt@wisc.edu
787,Karine,Dodamead,4/5/1964,205-340-0434,7 Luster Hill,kdodameadlu@webs.com
788,Bruce,Sneath,12/12/2000,243-901-4212,401 Gina Way,bsneathlv@webmd.com
789,Sergeant,Dietz,9/25/1974,285-653-9113,56123 Cottonwood Crossing,sdietzlw@addthis.com
790,Lise,Cove,7/13/1959,671-689-3292,10077 Algoma Crossing,lcovelx@soup.io
791,Vinnie,Maudlin,9/22/1964,418-337-6739,23114 Milwaukee Drive,vmaudlinly@instagram.com
792,Mildred,Gelland,4/16/1983,965-997-2801,2128 Sachs Crossing,mgellandlz@vinaora.com
793,Dominick,Rymer,8/25/1964,104-819-9070,11 Lindbergh Hill,drymerm0@unicef.org
794,Judah,Venables,9/20/1990,680-364-4789,8763 East Park,jvenablesm1@clickbank.net
795,Ingmar,Aiskrigg,1/24/1989,361-561-3141,3 Truax Way,iaiskriggm2@cbc.ca
796,Twyla,Heskey,9/16/1992,830-707-1268,6543 Thompson Hill,theskeym3@state.gov
797,Margo,Stickney,2/11/1968,335-956-0606,9 Susan Circle,mstickneym4@slate.com
798,Orson,Girauld,7/8/1976,344-884-9965,11 Grasskamp Place,ogirauldm5@cbslocal.com
799,Eddie,Faltin,2/17/1998,854-210-2375,0 Sommers Terrace,efaltinm6@nih.gov
800,Garrard,Andreotti,12/25/1979,523-555-3980,7 Everett Lane,gandreottim7@google.com.au
801,Korrie,Jakes,9/21/1992,112-274-9311,915 Drewry Park,kjakesm8@craigslist.org
802,Husein,Ahearne,3/11/1975,817-928-2871,53 Surrey Trail,hahearnem9@seesaa.net
803,Del,Leathwood,11/18/1954,987-361-4089,8053 Rockefeller Park,dleathwoodma@discovery.com
804,Benedicto,Igoe,3/12/1975,695-978-5630,648 Oneill Place,bigoemb@storify.com
805,Mariquilla,Louden,11/14/1973,843-738-4921,00 Village Plaza,mloudenmc@columbia.edu
806,Arvy,Briscoe,9/28/1973,903-284-5035,2185 Orin Crossing,abriscoemd@microsoft.com
807,Trever,Ellicock,4/21/1999,363-509-2659,92 Jenna Terrace,tellicockme@vimeo.com
808,Laughton,Skewes,10/5/1989,254-358-9737,4885 Cascade Trail,lskewesmf@vkontakte.ru
809,Winthrop,Dyhouse,5/13/1981,626-282-4987,395 Troy Court,wdyhousemg@blogs.com
810,Ruthy,Tiler,11/13/1988,749-858-1348,50 Maple Wood Hill,rtilermh@nymag.com
811,Irwinn,Clever,1/25/1956,288-747-4507,01414 Gerald Avenue,iclevermi@economist.com
812,Jennilee,Kemson,4/29/1993,823-912-7291,91888 Reindahl Drive,jkemsonmj@1688.com
813,Lemar,Runnalls,5/1/1983,325-148-5022,5 Clarendon Crossing,lrunnallsmk@w3.org
814,Cristionna,Moultrie,4/5/1976,336-610-5617,10507 Warrior Alley,cmoultrieml@fema.gov
815,Desi,Alanbrooke,10/19/1985,499-326-3121,85 Scoville Point,dalanbrookemm@eventbrite.com
816,Filippo,Hallitt,9/14/1969,979-234-2819,030 Dapin Park,fhallittmn@artisteer.com
817,Tuck,Terzza,8/13/1985,748-479-3528,71 Farragut Way,tterzzamo@utexas.edu
818,Zorah,Dessant,5/17/1961,803-458-6483,1 Southridge Terrace,zdessantmp@unesco.org
819,Fifine,Alcido,2/17/1975,483-919-7466,7 Katie Avenue,falcidomq@howstuffworks.com
820,Allina,Osgardby,9/2/1952,914-867-8448,133 Jenifer Avenue,aosgardbymr@mit.edu
821,Gratiana,Rentelll,8/29/1997,438-681-3925,27210 Susan Point,grentelllms@economist.com
822,Verene,Withey,8/24/2000,308-759-8113,44 Corscot Park,vwitheymt@vinaora.com
823,Gardener,Swaton,4/3/1995,713-491-9597,08267 Barnett Pass,gswatonmu@cbslocal.com
824,Arlen,Fake,4/19/2002,349-101-6993,21 Oak Hill,afakemv@nationalgeographic.com
825,Gasparo,Shynn,2/26/1985,840-177-3676,6 Dottie Place,gshynnmw@sourceforge.net
826,Clevie,Vynarde,12/20/1992,578-700-1678,7186 Oneill Place,cvynardemx@archive.org
827,Noak,Wyld,10/31/1952,683-439-2934,22416 Holmberg Court,nwyldmy@yolasite.com
828,Sonja,Fetherby,10/5/1997,987-771-7953,9 Cherokee Circle,sfetherbymz@google.com.au
829,Marcile,Widdowfield,10/19/1982,326-525-7518,80678 Victoria Avenue,mwiddowfieldn0@engadget.com
830,Giralda,Skerme,9/23/1976,124-992-8238,29711 Utah Point,gskermen1@xrea.com
831,Marley,Prium,3/17/1954,989-627-9959,01351 Warner Point,mpriumn2@home.pl
832,Renie,Calabry,2/1/1993,775-156-1806,0 New Castle Plaza,rcalabryn3@pen.io
833,Teddie,Driver,2/16/1990,470-829-3954,731 Forster Parkway,tdrivern4@admin.ch
834,Tabor,Mathison,3/30/1980,188-578-0198,76043 Sommers Pass,tmathisonn5@wordpress.org
835,Odille,Middas,1/7/1959,865-889-2116,296 Dryden Hill,omiddasn6@mapy.cz
836,Chester,Chaffyn,10/12/1997,985-562-5568,9 Anhalt Avenue,cchaffynn7@springer.com
837,Pete,L'Episcopi,9/30/1966,799-737-1832,7 Rusk Street,plepiscopin8@netvibes.com
838,Phyllis,Peskett,12/3/1971,963-519-7519,82779 Starling Junction,ppeskettn9@wiley.com
839,Marie-jeanne,Owbridge,1/18/1986,401-930-1803,707 Hanover Parkway,mowbridgena@netscape.com
840,Blake,MacAne,8/31/1952,191-408-1688,0 Delaware Park,bmacanenb@booking.com
841,Freddy,Lodovichi,6/29/1991,728-962-6792,71 Grayhawk Road,flodovichinc@umich.edu
842,Dulce,Croneen,2/4/1964,769-584-6586,9 Farmco Plaza,dcroneennd@domainmarket.com
843,Gustavus,Heaphy,7/12/1963,935-247-5438,7978 Dixon Crossing,gheaphyne@usnews.com
844,Midge,Nellen,7/12/1984,170-761-5508,80683 Bunting Park,mnellennf@sogou.com
845,Norry,Shann,2/8/1988,237-779-7152,0486 Scott Place,nshannng@delicious.com
846,Margret,Houlison,4/27/1992,814-106-1147,4 8th Way,mhoulisonnh@php.net
847,Catarina,McCracken,9/17/1950,177-980-2103,247 Dottie Place,cmccrackenni@si.edu
848,Monica,Leathwood,8/3/1968,305-740-0829,71 Bunker Hill Avenue,mleathwoodnj@irs.gov
849,Eden,Thoumasson,4/16/1985,115-777-9083,1574 Crescent Oaks Plaza,ethoumassonnk@hhs.gov
850,Dorene,Corbishley,8/3/1984,780-755-4268,9401 Carberry Alley,dcorbishleynl@ucla.edu
851,Flossy,Segot,6/16/1970,210-414-1967,6948 Merrick Junction,fsegotnm@ihg.com
852,Bentlee,Theuss,9/14/1994,561-973-1554,13 Glacier Hill Terrace,btheussnn@cornell.edu
853,Elie,Abrahm,11/13/1997,912-775-9954,96 Cody Crossing,eabrahmno@webnode.com
854,Mariellen,Davidovitch,9/19/1997,987-402-6201,93 Warbler Park,mdavidovitchnp@devhub.com
855,Nicoline,Pinnijar,4/7/1997,262-639-9770,882 Mosinee Point,npinnijarnq@ted.com
856,Francesco,Breagan,9/5/1974,209-193-3447,09471 Continental Hill,fbreagannr@purevolume.com
857,Emmie,Bikker,5/21/1982,347-990-7748,139 Nelson Circle,ebikkerns@wikimedia.org
858,Brandie,Urvoy,7/31/1962,418-991-0073,73035 Milwaukee Pass,burvoynt@nps.gov
859,Cyrille,Cyson,1/13/1985,902-458-8887,1173 Sauthoff Crossing,ccysonnu@opensource.org
860,Andy,Youens,5/17/1994,643-442-5515,81816 Arrowood Park,ayouensnv@unicef.org
861,Fidelia,Shayes,4/16/1965,328-511-5087,31267 Fisk Alley,fshayesnw@ucoz.com
862,Mersey,Glenwright,7/26/1996,830-880-6892,8728 7th Circle,mglenwrightnx@ow.ly
863,Trev,Saltmarsh,7/6/1966,396-522-8369,4 Homewood Crossing,tsaltmarshny@nifty.com
864,Dorian,Vooght,3/29/1971,261-762-7160,7029 Redwing Court,dvooghtnz@bluehost.com
865,Rachelle,Branni,10/23/1963,563-616-9255,6 Darwin Street,rbrannio0@omniture.com
866,Rubin,Mattaus,2/20/1998,339-113-7639,237 Pawling Crossing,rmattauso1@dropbox.com
867,Farra,Miskimmon,5/11/1997,440-780-9763,43 Bluejay Avenue,fmiskimmono2@nyu.edu
868,Hube,Elsegood,1/26/1993,600-257-8613,49701 Jana Lane,helsegoodo3@1688.com
869,Charla,Hugenin,12/27/1950,862-930-4512,63504 Spenser Way,chugenino4@geocities.com
870,Vladimir,Robeson,11/25/1985,999-749-0833,39835 Forest Avenue,vrobesono5@fastcompany.com
871,Humfrid,Cowlas,12/10/1960,266-119-0500,983 Browning Center,hcowlaso6@nsw.gov.au
872,Morley,Berrill,1/3/1951,253-509-2994,08042 5th Center,mberrillo7@wired.com
873,Marjie,Dinneges,2/26/1974,319-532-3811,07 Forest Run Circle,mdinnegeso8@scientificamerican.com
874,Margery,Volleth,10/17/1962,382-611-4331,89997 Lighthouse Bay Junction,mvolletho9@deliciousdays.com
875,Damita,Sharland,8/6/1966,239-690-2314,6 Katie Center,dsharlandoa@wix.com
876,Johnathon,Edards,8/5/1974,374-588-2109,89894 Pierstorff Plaza,jedardsob@sitemeter.com
877,Dale,Elks,9/10/1990,203-167-0416,59658 Summerview Circle,delksoc@amazon.co.uk
878,Elenore,Ferne,9/14/1952,128-852-3759,04 Kings Street,eferneod@gov.uk
879,Natalee,Sowte,1/5/1975,702-742-4770,01 Center Place,nsowteoe@examiner.com
880,Hersch,Burt,10/24/1975,907-783-9959,1 Reindahl Street,hburtof@cnn.com
881,Steffi,Prevost,6/12/1993,617-208-0164,5 Delladonna Hill,sprevostog@unc.edu
882,Jarad,Costin,1/8/1966,899-181-6637,19 Cottonwood Center,jcostinoh@moonfruit.com
883,Carolyn,Haldane,7/5/1970,817-438-0942,2 Everett Crossing,chaldaneoi@go.com
884,Garnet,Lethibridge,4/18/1995,840-901-2193,87 Nova Trail,glethibridgeoj@dell.com
885,Lief,Ing,3/30/1977,234-105-0453,872 Mosinee Terrace,lingok@marriott.com
886,Bride,Standbridge,1/7/1973,581-492-9954,3225 Dovetail Way,bstandbridgeol@sogou.com
887,Coralie,Kingsford,8/5/1984,260-821-4374,93 Little Fleur Terrace,ckingsfordom@amazon.co.jp
888,Domingo,Toward,9/6/1988,216-607-6178,4959 Bunker Hill Road,dtowardon@blogspot.com
889,Raul,Popple,4/13/1998,872-622-0252,914 Shasta Plaza,rpoppleoo@japanpost.jp
890,Beilul,Asaaf,5/3/1968,519-931-3055,02375 Laurel Junction,basaafop@vimeo.com
891,Sidney,Besse,8/18/1953,385-967-2923,41 Stang Lane,sbesseoq@wordpress.org
892,Victoria,Ambroz,7/11/1959,696-227-1435,53 Almo Lane,vambrozor@ted.com
893,Caryl,Riddoch,1/22/1976,474-780-7938,51 Magdeline Circle,criddochos@dmoz.org
894,Pru,Grane,12/26/1981,985-944-9403,1 Lien Park,pgraneot@java.com
895,Lucian,Baskerfield,5/17/1962,293-266-2284,6763 Fair Oaks Terrace,lbaskerfieldou@guardian.co.uk
896,Reece,Masseo,8/10/1964,403-125-0274,72 Leroy Terrace,rmasseoov@123-reg.co.uk
897,Zechariah,Sawday,4/27/1957,546-785-8599,18389 Arapahoe Drive,zsawdayow@omniture.com
898,Myrah,Farnall,2/1/1983,923-459-7100,6206 Commercial Center,mfarnallox@miibeian.gov.cn
899,Steve,Tincombe,10/21/2001,836-850-5584,5 Bluestem Place,stincombeoy@vistaprint.com
900,Clemens,Impson,2/28/1971,153-871-8251,2231 Kedzie Way,cimpsonoz@cargocollective.com
901,Angelita,Pheby,11/8/1977,882-453-9730,284 Aberg Way,aphebyp0@php.net
902,Vanda,Hing,4/18/1982,884-679-5928,52 Rieder Crossing,vhingp1@businessinsider.com
903,Baxy,Babber,5/8/1999,340-790-8809,866 Farragut Court,bbabberp2@boston.com
904,Trent,Renoden,12/12/1994,277-231-8860,9603 Nancy Way,trenodenp3@amazon.co.uk
905,Felice,Satterthwaite,5/12/1957,553-682-5857,226 Cherokee Place,fsatterthwaitep4@canalblog.com
906,Sonni,Powe,10/24/1986,476-111-0703,08346 Farragut Drive,spowep5@last.fm
907,Bendicty,Binning,8/28/1981,353-462-8794,3910 Pine View Alley,bbinningp6@oaic.gov.au
908,Dione,Colthard,2/22/1969,273-765-9676,943 Old Shore Plaza,dcolthardp7@jimdo.com
909,Dru,Pauler,11/9/1992,348-985-4452,4 Twin Pines Hill,dpaulerp8@wired.com
910,Francesco,Turbill,6/27/1959,227-692-5793,4 Sundown Crossing,fturbillp9@google.com
911,Eustace,Plumridege,3/23/1985,352-626-9627,57 Victoria Lane,eplumridegepa@acquirethisname.com
912,Drucill,Deavall,1/2/1966,947-699-7889,19930 Mifflin Plaza,ddeavallpb@reuters.com
913,Cecil,Parmer,7/6/1994,431-559-4265,8790 Oak Court,cparmerpc@w3.org
914,Padraig,Tebbet,7/21/1952,656-551-7385,21540 Dayton Street,ptebbetpd@about.com
915,Timofei,McFetrich,10/20/1980,947-211-8942,5 Pankratz Place,tmcfetrichpe@utexas.edu
916,Dora,Geraud,4/12/1987,381-342-1573,810 Dennis Road,dgeraudpf@google.cn
917,Merrie,Maunder,5/15/1970,628-811-3881,9393 Straubel Street,mmaunderpg@ibm.com
918,Catherina,Hartfleet,8/13/1952,713-491-4785,0039 Summer Ridge Hill,chartfleetph@hexun.com
919,Ulla,Canacott,2/24/1960,996-825-5366,69 La Follette Place,ucanacottpi@4shared.com
920,Nessa,Antwis,8/6/1988,814-472-4377,16473 Rockefeller Street,nantwispj@senate.gov
921,Jessika,Cattel,8/2/1966,599-148-2468,8279 Washington Junction,jcattelpk@altervista.org
922,Ivy,Klosterman,7/26/1955,137-646-6229,40 Springs Center,iklostermanpl@shinystat.com
923,Mirna,Alexandrou,2/18/1998,553-816-1050,17 Holy Cross Place,malexandroupm@artisteer.com
924,Joceline,Howen,10/31/2001,575-461-7071,916 Jay Hill,jhowenpn@mapy.cz
925,Kennie,Smissen,3/3/1992,444-359-6069,10838 Nevada Pass,ksmissenpo@mac.com
926,Lorrie,Kubica,7/19/1979,815-366-9366,52 Springview Hill,lkubicapp@wikipedia.org
927,Jessalin,Chable,7/15/2001,360-437-0265,36 Fulton Avenue,jchablepq@mapquest.com
928,Hildagarde,Bridge,7/15/1961,459-247-0980,6290 Homewood Plaza,hbridgepr@ask.com
929,Lowell,Emons,1/23/2002,610-388-1139,55 Artisan Pass,lemonsps@163.com
930,Lilllie,Sinkinson,1/19/1963,491-453-1331,3078 Village Green Hill,lsinkinsonpt@wsj.com
931,Gerrie,Fardell,6/21/1966,689-832-3893,26 Kinsman Junction,gfardellpu@vimeo.com
932,Shermie,Shingfield,12/24/1989,459-871-7622,98917 Rieder Park,sshingfieldpv@ihg.com
933,Flin,Wyche,1/28/1970,982-126-6551,83026 Canary Park,fwychepw@blogger.com
934,Alida,Purviss,11/24/1963,376-876-9830,0973 Londonderry Hill,apurvisspx@imageshack.us
935,Nariko,Ziebart,1/10/1959,796-286-7198,9 Brown Terrace,nziebartpy@webeden.co.uk
936,Dina,Briance,12/18/1995,290-293-7180,6 Pine View Way,dbriancepz@blog.com
937,Ford,Janek,8/29/1991,726-747-7425,6 Kim Terrace,fjanekq0@businessinsider.com
938,Mark,Scullin,2/22/1964,654-770-4479,44623 Reindahl Road,mscullinq1@tripod.com
939,Marlyn,Braundt,1/26/1955,716-108-9679,981 Kropf Point,mbraundtq2@exblog.jp
940,Pattie,Adamiec,7/26/1964,222-139-8777,736 Lillian Parkway,padamiecq3@flavors.me
941,Lenard,Sheerin,1/6/1957,367-765-0096,0 Dapin Plaza,lsheerinq4@bing.com
942,Maurizia,Haliday,9/30/1967,838-972-2024,62314 Westridge Road,mhalidayq5@google.de
943,Sasha,Woodrough,8/13/1994,669-671-9760,2 Eggendart Circle,swoodroughq6@prlog.org
944,Gale,Tern,10/10/2001,502-683-7153,6097 Melrose Parkway,gternq7@economist.com
945,Caty,Hexham,1/6/1951,770-776-5455,8 Meadow Valley Way,chexhamq8@gnu.org
946,Darryl,Willgoose,12/18/1965,448-277-2009,84956 Huxley Road,dwillgooseq9@edublogs.org
947,Enrique,Denacamp,12/5/1992,283-242-4335,463 American Ash Trail,edenacampqa@ebay.co.uk
948,Michal,Yvens,12/25/1995,883-604-7186,96 Alpine Lane,myvensqb@miibeian.gov.cn
949,Willow,Kinane,7/2/1954,945-888-9561,6280 Kim Pass,wkinaneqc@123-reg.co.uk
950,Sherline,Haddrill,5/9/1960,141-984-2073,94301 Orin Trail,shaddrillqd@unicef.org
951,Kirbee,Dawney,8/21/1992,588-941-4843,3 Waubesa Lane,kdawneyqe@vkontakte.ru
952,Amory,Eden,6/14/1972,523-230-6313,12092 Miller Alley,aedenqf@pagesperso-orange.fr
953,Creighton,Wildber,4/26/1957,210-419-6887,5932 Sauthoff Junction,cwildberqg@yellowpages.com
954,Kally,Skydall,7/30/1956,753-808-2811,1 Pennsylvania Circle,kskydallqh@washingtonpost.com
955,Harold,Lampbrecht,5/11/1999,705-249-4005,1 Sunbrook Lane,hlampbrechtqi@samsung.com
956,Brok,Smylie,7/10/1970,877-344-8432,203 Cordelia Parkway,bsmylieqj@nytimes.com
957,Korie,Barthel,11/29/1990,744-731-1671,9261 Ohio Street,kbarthelqk@ucla.edu
958,Beaufort,Innocent,7/22/1997,363-678-5758,5 Del Mar Street,binnocentql@jiathis.com
959,Rori,Clogg,5/6/1960,570-948-5293,2 Michigan Avenue,rcloggqm@desdev.cn
960,Cristin,Chant,10/12/1985,426-333-7071,94966 Marquette Alley,cchantqn@mozilla.org
961,Carine,Forgan,5/14/1964,382-650-6202,4 Schurz Court,cforganqo@is.gd
962,Sarena,Bussen,7/8/1987,821-116-5909,0 Hovde Circle,sbussenqp@who.int
963,Benedicta,Hacard,1/30/1996,392-992-0863,91597 Magdeline Drive,bhacardqq@devhub.com
964,Alvie,Comerford,7/17/1988,807-675-7930,56 Hayes Terrace,acomerfordqr@wufoo.com
965,Rafaello,Othen,4/5/1989,465-788-7290,95422 Buell Park,rothenqs@gmpg.org
966,Gerhard,Boote,9/21/1952,302-905-2843,403 Melby Point,gbooteqt@cocolog-nifty.com
967,Tania,Daulton,11/29/1968,965-531-7475,26853 Comanche Pass,tdaultonqu@blog.com
968,Enrica,Braddon,1/24/1969,510-319-8330,5 1st Street,ebraddonqv@alexa.com
969,Elicia,Kretchmer,11/2/1968,186-683-7892,93 Bartillon Way,ekretchmerqw@mapquest.com
970,Gareth,Ruckman,10/8/1950,308-685-0461,9 Miller Road,gruckmanqx@who.int
971,Way,Barker,5/21/1966,251-439-0859,0332 Leroy Street,wbarkerqy@over-blog.com
972,Niven,Wooffitt,3/18/1967,426-538-7580,1 Redwing Terrace,nwooffittqz@hostgator.com
973,Ray,Handrock,5/30/1951,697-986-5223,7749 Corscot Court,rhandrockr0@soup.io
974,Lucinda,Cypler,8/4/1999,721-540-4878,6080 Blue Bill Park Pass,lcyplerr1@cloudflare.com
975,Taber,Fessby,6/9/1983,218-784-8705,2985 Kensington Hill,tfessbyr2@nationalgeographic.com
976,Lula,Badman,9/25/1978,277-356-4726,04 Kim Court,lbadmanr3@bloomberg.com
977,Carmelia,Yanov,3/14/1959,543-116-4779,4698 Trailsway Parkway,cyanovr4@so-net.ne.jp
978,Hardy,Sworn,11/29/1999,673-967-6334,9 Crowley Parkway,hswornr5@indiatimes.com
979,Scott,Osgordby,4/30/2000,534-137-0280,13 Vidon Lane,sosgordbyr6@opera.com
980,Maura,Batthew,10/3/1988,865-453-6222,9549 Sugar Parkway,mbatthewr7@icio.us
981,Reinaldo,Nazareth,8/20/1996,901-471-4706,763 Ridgeway Court,rnazarethr8@sun.com
982,Chiquita,Gelletly,9/14/1951,725-839-4492,2 Monument Point,cgelletlyr9@wordpress.org
983,Alfonse,Jeannesson,6/29/1985,491-939-4203,04 Stone Corner Parkway,ajeannessonra@baidu.com
984,Reese,Haggas,8/2/1953,607-499-0068,97875 Mayfield Plaza,rhaggasrb@mapquest.com
985,Tabb,Maddin,7/8/1996,313-378-3751,17997 Surrey Junction,tmaddinrc@alexa.com
986,Jessa,Linford,8/29/1951,860-562-6321,255 Village Hill,jlinfordrd@github.com
987,Quincy,Plaskett,12/5/1976,838-906-6292,02630 Oak Court,qplaskettre@tmall.com
988,Benedicto,Ellens,5/26/1965,664-961-5507,93 Cordelia Alley,bellensrf@dailymail.co.uk
989,Hilliary,Sidey,8/22/1961,847-141-3820,949 Steensland Crossing,hsideyrg@weibo.com
990,Orion,Rocca,11/11/1971,673-837-1451,8733 Texas Avenue,oroccarh@yolasite.com
991,Ellsworth,Carpe,10/20/1956,385-791-5094,4154 Eliot Street,ecarperi@webs.com
992,Cynthie,Reiner,8/29/1982,240-160-2769,23988 Tony Park,creinerrj@wikimedia.org
993,Sunny,Bourton,10/23/1965,362-500-3598,135 Russell Street,sbourtonrk@businesswire.com
994,Pepi,Pikhno,3/24/2001,249-756-5415,25 Fair Oaks Terrace,ppikhnorl@networkadvertising.org
995,Antin,Poter,5/17/1955,179-407-0378,361 Harbort Crossing,apoterrm@hhs.gov
996,Umberto,Nellies,9/29/1978,178-376-6203,03 Dryden Drive,unelliesrn@yelp.com
997,Kevin,Newcombe,1/6/1999,602-836-0397,53 Loftsgordon Drive,knewcombero@sciencedaily.com
998,Chase,D'Aulby,3/26/1962,288-464-3924,393 Cascade Way,cdaulbyrp@who.int
999,Yuri,Cocker,2/12/1967,555-620-8168,05013 Iowa Circle,ycockerrq@devhub.com
1000,Worthy,Jiggen,1/7/1980,382-738-6936,7 Rockefeller Circle,wjiggenrr@ted.com
